-- phpMyAdmin SQL Dump
-- version 4.6.5.2
-- https://www.phpmyadmin.net/
--
-- Máy chủ: 127.0.0.1
-- Thời gian đã tạo: Th8 10, 2017 lúc 03:06 SA
-- Phiên bản máy phục vụ: 10.1.21-MariaDB
-- Phiên bản PHP: 5.6.30

SET SQL_MODE = "NO_AUTO_VALUE_ON_ZERO";
SET time_zone = "+00:00";


/*!40101 SET @OLD_CHARACTER_SET_CLIENT=@@CHARACTER_SET_CLIENT */;
/*!40101 SET @OLD_CHARACTER_SET_RESULTS=@@CHARACTER_SET_RESULTS */;
/*!40101 SET @OLD_COLLATION_CONNECTION=@@COLLATION_CONNECTION */;
/*!40101 SET NAMES utf8mb4 */;

--
-- Cơ sở dữ liệu: `ucendu`
--

-- --------------------------------------------------------

--
-- Cấu trúc bảng cho bảng `migrations`
--

CREATE TABLE `migrations` (
  `id` int(10) UNSIGNED NOT NULL,
  `migration` varchar(191) COLLATE utf8mb4_unicode_ci NOT NULL,
  `batch` int(11) NOT NULL
) ENGINE=InnoDB DEFAULT CHARSET=utf8mb4 COLLATE=utf8mb4_unicode_ci;

--
-- Đang đổ dữ liệu cho bảng `migrations`
--

INSERT INTO `migrations` (`id`, `migration`, `batch`) VALUES
(1, '2014_10_12_000000_create_users_table', 1),
(2, '2014_10_12_100000_create_password_resets_table', 1),
(3, '2017_07_18_104758_create_reading_lessons_table', 1),
(4, '2017_07_21_050703_create_user_activations_table', 1),
(5, '2017_07_21_051550_create_reading_categories_table', 1),
(6, '2017_07_21_051733_create_reading_type_questions_table', 1),
(7, '2017_07_21_051901_create_reading_category_lessons_table', 1),
(8, '2017_07_21_084509_create_reading_quizzs_table', 1),
(12, '2017_07_21_091751_create_reading_results_table', 1),
(13, '2017_07_21_084604_create_reading_questions_table', 2),
(14, '2017_07_21_084651_create_reading_type_question_of_quizzes_table', 2),
(17, '2017_07_21_084822_create_reading_question_and_answers_table', 3),
(18, '2017_08_02_152014_create_reading_manager_lessons_table', 4),
(19, '2017_08_02_152021_create_reading_comment_notifications_table', 4);

-- --------------------------------------------------------

--
-- Cấu trúc bảng cho bảng `password_resets`
--

CREATE TABLE `password_resets` (
  `email` varchar(191) COLLATE utf8mb4_unicode_ci NOT NULL,
  `token` varchar(191) COLLATE utf8mb4_unicode_ci NOT NULL,
  `created_at` timestamp NULL DEFAULT NULL
) ENGINE=InnoDB DEFAULT CHARSET=utf8mb4 COLLATE=utf8mb4_unicode_ci;

-- --------------------------------------------------------

--
-- Cấu trúc bảng cho bảng `reading_categories`
--

CREATE TABLE `reading_categories` (
  `id` int(10) UNSIGNED NOT NULL,
  `name` varchar(191) COLLATE utf8mb4_unicode_ci NOT NULL,
  `status` tinyint(1) NOT NULL DEFAULT '1',
  `parent_id` int(10) UNSIGNED NOT NULL DEFAULT '0',
  `level_cate` int(10) UNSIGNED NOT NULL DEFAULT '0',
  `created_at` timestamp NULL DEFAULT NULL,
  `updated_at` timestamp NULL DEFAULT NULL
) ENGINE=InnoDB DEFAULT CHARSET=utf8mb4 COLLATE=utf8mb4_unicode_ci;

--
-- Đang đổ dữ liệu cho bảng `reading_categories`
--

INSERT INTO `reading_categories` (`id`, `name`, `status`, `parent_id`, `level_cate`, `created_at`, `updated_at`) VALUES
(1, 'Sports', 1, 0, 0, '2017-07-21 21:31:05', '2017-07-21 21:31:05'),
(2, 'Education', 1, 0, 0, '2017-07-24 03:39:36', '2017-07-24 03:39:36'),
(3, 'Loves', 1, 0, 0, '2017-08-07 06:58:49', '2017-08-07 06:58:49');

-- --------------------------------------------------------

--
-- Cấu trúc bảng cho bảng `reading_category_lessons`
--

CREATE TABLE `reading_category_lessons` (
  `id` int(10) UNSIGNED NOT NULL,
  `lesson_id` int(10) UNSIGNED NOT NULL,
  `cate_id` int(10) UNSIGNED NOT NULL,
  `status` tinyint(1) NOT NULL DEFAULT '1',
  `created_at` timestamp NULL DEFAULT NULL,
  `updated_at` timestamp NULL DEFAULT NULL
) ENGINE=InnoDB DEFAULT CHARSET=utf8mb4 COLLATE=utf8mb4_unicode_ci;

--
-- Đang đổ dữ liệu cho bảng `reading_category_lessons`
--

INSERT INTO `reading_category_lessons` (`id`, `lesson_id`, `cate_id`, `status`, `created_at`, `updated_at`) VALUES
(1, 1, 1, 1, '2017-07-21 23:34:34', '2017-07-21 23:34:34'),
(2, 2, 1, 1, '2017-07-21 23:37:49', '2017-07-21 23:37:49'),
(3, 3, 1, 1, '2017-07-21 23:40:22', '2017-07-21 23:40:22'),
(4, 4, 1, 1, '2017-07-21 23:55:19', '2017-07-21 23:55:19'),
(5, 5, 1, 1, '2017-07-21 23:57:16', '2017-07-21 23:57:16'),
(6, 6, 1, 1, '2017-07-21 23:58:28', '2017-07-21 23:58:28'),
(7, 7, 1, 1, '2017-07-21 23:59:45', '2017-07-21 23:59:45'),
(8, 8, 1, 1, '2017-07-22 00:12:29', '2017-07-22 00:12:29'),
(9, 9, 1, 1, '2017-07-24 03:32:52', '2017-07-24 03:32:52'),
(10, 10, 1, 1, '2017-07-24 03:34:16', '2017-07-24 03:34:16'),
(11, 11, 1, 1, '2017-07-24 03:35:25', '2017-07-24 03:35:25'),
(12, 12, 1, 1, '2017-07-24 03:38:17', '2017-07-24 03:38:17'),
(13, 13, 2, 1, '2017-07-24 03:41:58', '2017-07-24 03:41:58'),
(14, 14, 2, 1, '2017-07-24 04:15:08', '2017-07-24 04:15:08'),
(15, 15, 2, 1, '2017-07-28 04:21:14', '2017-07-28 04:21:14'),
(16, 16, 1, 1, '2017-07-28 04:23:24', '2017-07-28 04:23:24'),
(17, 17, 2, 1, '2017-07-28 04:32:13', '2017-07-28 04:32:13'),
(18, 18, 2, 1, '2017-07-28 05:17:46', '2017-07-28 05:17:46'),
(19, 19, 2, 1, '2017-07-28 05:25:13', '2017-07-28 05:25:13'),
(20, 20, 1, 1, NULL, NULL),
(23, 21, 2, 1, '2017-08-07 09:31:01', '2017-08-07 09:31:01'),
(24, 22, 3, 1, '2017-08-07 09:31:46', '2017-08-07 09:31:46'),
(25, 23, 3, 1, '2017-08-07 13:20:40', '2017-08-07 13:20:40'),
(26, 24, 2, 1, '2017-08-07 13:22:23', '2017-08-07 13:22:23');

-- --------------------------------------------------------

--
-- Cấu trúc bảng cho bảng `reading_comment_notifications`
--

CREATE TABLE `reading_comment_notifications` (
  `id` int(10) UNSIGNED NOT NULL,
  `question_id` int(10) UNSIGNED NOT NULL,
  `user_id` int(10) UNSIGNED NOT NULL,
  `type_noti` varchar(255) COLLATE utf8_unicode_ci NOT NULL,
  `read` tinyint(4) NOT NULL DEFAULT '0',
  `read_at` timestamp NULL DEFAULT NULL,
  `created_at` timestamp NULL DEFAULT NULL,
  `updated_at` timestamp NULL DEFAULT NULL
) ENGINE=InnoDB DEFAULT CHARSET=utf8 COLLATE=utf8_unicode_ci;

--
-- Đang đổ dữ liệu cho bảng `reading_comment_notifications`
--

INSERT INTO `reading_comment_notifications` (`id`, `question_id`, `user_id`, `type_noti`, `read`, `read_at`, `created_at`, `updated_at`) VALUES
(1, 43, 2, 'userCommentNotification', 0, NULL, '2017-08-02 17:44:22', '2017-08-02 17:44:22'),
(2, 43, 2, 'userCommentNotification', 0, NULL, '2017-08-02 17:51:43', '2017-08-02 17:51:43'),
(3, 43, 2, 'userCommentNotification', 0, NULL, '2017-08-02 17:55:58', '2017-08-02 17:55:58'),
(4, 43, 2, 'userCommentNotification', 0, NULL, '2017-08-02 17:56:51', '2017-08-02 17:56:51'),
(5, 43, 2, 'userCommentNotification', 0, NULL, '2017-08-02 17:58:01', '2017-08-02 17:58:01'),
(6, 43, 2, 'userCommentNotification', 0, NULL, '2017-08-02 17:58:44', '2017-08-02 17:58:44'),
(7, 54, 10, 'userCommentNotification', 0, NULL, '2017-08-09 15:04:49', '2017-08-09 15:04:49'),
(8, 54, 2, 'userCommentNotification', 0, NULL, '2017-08-09 16:24:19', '2017-08-09 16:24:19'),
(9, 54, 2, 'userCommentNotification', 0, NULL, '2017-08-09 16:24:28', '2017-08-09 16:24:28');

-- --------------------------------------------------------

--
-- Cấu trúc bảng cho bảng `reading_lessons`
--

CREATE TABLE `reading_lessons` (
  `id` int(10) UNSIGNED NOT NULL,
  `title` varchar(191) COLLATE utf8mb4_unicode_ci NOT NULL,
  `content_lesson` text COLLATE utf8mb4_unicode_ci NOT NULL,
  `content_highlight` text COLLATE utf8mb4_unicode_ci NOT NULL,
  `image_feature` varchar(191) COLLATE utf8mb4_unicode_ci DEFAULT NULL,
  `status` tinyint(1) NOT NULL DEFAULT '1',
  `created_at` timestamp NULL DEFAULT NULL,
  `updated_at` timestamp NULL DEFAULT NULL
) ENGINE=InnoDB DEFAULT CHARSET=utf8mb4 COLLATE=utf8mb4_unicode_ci;

--
-- Đang đổ dữ liệu cho bảng `reading_lessons`
--

INSERT INTO `reading_lessons` (`id`, `title`, `content_lesson`, `content_highlight`, `image_feature`, `status`, `created_at`, `updated_at`) VALUES
(10, 'dsae', '<p>Content Post is here!</p>\n', '<p><span class=\"answer-highlight highlight-1 hidden-highlight\" data-timestamp=\"1500892355618\" style=\"background-color: rgb(255, 255, 123);\" data-highlighted=\"true\" data-qnumber=\"8\" id=\"hl-answer-8\">Co</span>nt<span class=\"answer-highlight highlight-2 hidden-highlight\" data-timestamp=\"1500892357538\" style=\"background-color: rgb(255, 255, 123);\" data-highlighted=\"true\" data-qnumber=\"9\" id=\"hl-answer-9\">e</span>nt P<span class=\"answer-highlight highlight-3 hidden-highlight\" data-timestamp=\"1500892359338\" style=\"background-color: rgb(255, 255, 123);\" data-highlighted=\"true\" data-qnumber=\"10\" id=\"hl-answer-10\">os</span>t i<span class=\"answer-highlight highlight-4 hidden-highlight\" data-timestamp=\"1500892362106\" style=\"background-color: rgb(255, 255, 123);\" data-highlighted=\"true\" data-qnumber=\"11\" id=\"hl-answer-11\">s</span> h<span class=\"answer-highlight highlight-5 hidden-highlight\" data-timestamp=\"1500892364650\" style=\"background-color: rgb(255, 255, 123);\" data-highlighted=\"true\" data-qnumber=\"13\" id=\"hl-answer-13\">e</span>r<span class=\"answer-highlight highlight-6 hidden-highlight\" data-timestamp=\"1500892366746\" style=\"background-color: rgb(255, 255, 123);\" data-highlighted=\"true\" data-qnumber=\"12\" id=\"hl-answer-12\">e!</span></p>\n', 'ielts banner-1488639811.jpg', 1, '2017-07-24 03:34:16', '2017-07-24 03:34:16'),
(11, 'dsad', '<p>Content Post is here!</p>\n', '<p>Content Post is here!</p>\n', 'ielts banner-1488639811.jpg', 1, '2017-07-24 03:35:25', '2017-07-24 03:35:25'),
(12, 'dsad', '<p>Content Post is here!</p>\n', '<p>Content Post is here!</p>\n', 'ielts banner-1488639811.jpg', 1, '2017-07-24 03:38:17', '2017-07-24 03:38:17'),
(14, 'tessst', '<p>Content Post is here!</p>\n', '<p>Content Post is here!</p>\n', '19398820_1426172534129041_1021977243_n.png', 1, '2017-07-24 04:15:08', '2017-07-24 04:15:08'),
(15, 'Luffy', '<p>Content Post is here!</p>\n', '<p>C<span class=\"answer-highlight highlight-1 highlighting\" data-timestamp=\"1501215652815\" style=\"background-color: rgb(255, 255, 123);\" data-highlighted=\"true\" data-qnumber=\"30\" id=\"hl-answer-30\">o</span>n<span class=\"answer-highlight highlight-2 hidden-highlight\" data-timestamp=\"1501215655006\" style=\"background-color: rgb(255, 255, 123);\" data-highlighted=\"true\" data-qnumber=\"31\" id=\"hl-answer-31\">te</span>n<span class=\"answer-highlight highlight-3 hidden-highlight\" data-timestamp=\"1501215656951\" style=\"background-color: rgb(255, 255, 123);\" data-highlighted=\"true\" data-qnumber=\"32\" id=\"hl-answer-32\">t Po</span>st<span class=\"answer-highlight highlight-4 hidden-highlight\" data-timestamp=\"1501215660935\" style=\"background-color: rgb(255, 255, 123);\" data-highlighted=\"true\" data-qnumber=\"33\" id=\"hl-answer-33\"> is</span> <span class=\"answer-highlight highlight-5 hidden-highlight\" data-timestamp=\"1501215662694\" style=\"background-color: rgb(255, 255, 123);\" data-highlighted=\"true\" data-qnumber=\"34\" id=\"hl-answer-34\">here!</span></p>\n', 'anh-luffy-chibi-3.jpg', 1, '2017-07-28 04:21:14', '2017-07-28 04:21:14'),
(17, 'ade wd', '<p>Content Post is here!</p>\n', '<p>Content Post is here!</p>\n', 'anh-luffy-chibi-3.jpg', 1, '2017-07-28 04:32:13', '2017-07-28 04:32:13'),
(18, 'a', '<h2>Migratory Beekeeping</h2>\n\n<p><img src=\"http://images.mini-ielts.com/images/2017/17/beekeprs.jpg\" /></p>\n\n<p><br />\n&nbsp;</p>\n\n<h3>Taking Wing</h3>\n\n<p><em><strong>To eke out a full-time living from their honeybees, about half the nation&rsquo;s 2,000 commercial beekeepers pull up stakes each spring, migrating north to find more flowers for their bees. Besides turning floral nectar into honey, these hardworking insects also pollinate crops for farmers -for a fee. As autumn approaches, the beekeepers pack up their hives and go south, scrambling for pollination contracts in hot spots like California&rsquo;s fertile Central Valley.</strong></em></p>\n\n<p><em><strong><img alt=\"\" height=\"310\" src=\"http://content.ieltsonlinetests.com/fileman/Uploads/7/4/migratory-beekeeping-worksheet.jpg\" width=\"438\" /></strong></em></p>\n\n<p>Of the 2,000 commercial beekeepers in the United States about half migrate This pays off in two ways Moving north in the summer and south in the winter lets bees work a longer blooming season, making more honey &mdash; and money &mdash; for their keepers. Second, beekeepers can carry their hives to farmers who need bees to pollinate their crops. Every spring a migratory beekeeper in California may move up to 160 million bees to&nbsp;flowering fields in Minnesota and every winter his family may haul the hives back to California, where farmers will rent the bees to pollinate almond and cherry trees.</p>\n\n<p>Migratory beekeeping is nothing new. The ancient Egyptians moved clay hives, probably on rafts, down the Nile to follow the bloom and nectar flow as it moved toward Cairo. In the 1880s North American beekeepers experimented with the same idea, moving bees on barges along the Mississippi and on waterways in Florida, but their lighter, wooden hives kept falling into the water. Other keepers tried the railroad and horse- drawn wagons, but that didn&rsquo;t prove practical. Not until the 1920s when cars and trucks became affordable and roads improved, did migratory beekeeping begin to catch on.</p>\n\n<p>For the Californian beekeeper, the pollination season begins in February. At this time, the beehives are in particular demand by farmers who have almond groves; they need two hives an acre. For the three-week long bloom, beekeepers can hire out their hives for $32 each. It&rsquo;s a bonanza for the bees too. Most people consider almond honey too bitter to eat so the bees get to keep it for themselves.</p>\n\n<p>By early March it is time to move the bees. It can take up to seven nights to pack the 4,000 or so hives that a beekeeper may own. These are not moved in the middle of the day because too many of the bees would end up homeless. But at night, the hives are stacked onto wooden pallets, back-to-back in sets of four, and lifted onto a truck. It is not necessary to wear gloves or a beekeeper&rsquo;s veil because the hives are not being opened and the bees should remain relatively quiet. Just in case some are still lively, bees can be pacified with a few puffs of smoke blown into each hive&rsquo;s narrow entrance.</p>\n\n<p>In their new location, the beekeeper will pay the farmer to allow his bees to feed in such places as orange groves. The honey produced here is fragrant and sweet and can be sold by the beekeepers. To encourage the bees to&nbsp;produce as much honey as possible during this period, the beekeepers open the hives and stack extra boxes called supers on top. These temporary hive extensions contain frames of empty comb for the bees to fill with honey. In the brood chamber below, the bees will stash honey to eat later. To prevent the queen from crawling up to the top and laying eggs, a screen can be inserted between the brood chamber and the supers. Three weeks later the honey can be gathered.</p>\n\n<p>Foul smelling chemicals are often used to irritate the bees and drive them down into the hive&rsquo;s bottom boxes, leaving the honey- filled supers more or less bee free. These can then be pulled off the hive. They are heavy with honey and may weigh up to 90 pounds each. The supers are taken to a warehouse. In the extracting room, the frames are lilted out and lowered into an &ldquo;uncapper&rdquo; where rotating blades shave away the wax that covers each cell. The uncapped frames are put in a carousel that sits on the bottom of a large stainless steel drum. The carousel is filled to capacity with 72 frames. A switch is flipped and the frames begin to whirl at 300 revolutions per minute; centrifugal force throws the honey out of the combs. Finally the honey is poured into barrels for shipment.</p>\n\n<p>After this, approximately a quarter of the hives weakened by disease, mites, or an ageing or dead queen, will have to be replaced. To create new colonies, a healthy double hive, teeming with bees, can be separated into two boxes. One half will hold the queen and a young, already mated queen can be put in the other half, to make two hives from one. By the time the flowers bloom, the new queens will be laying eggs, filling each hive with young worker bees. The beekeeper&rsquo;s family will then migrate with them to their summer location.</p>\n\n<p><em>Adapted from &ldquo;America&#39;s Beekeepers: Hives for Hire&rdquo; by Alan Mairson, National Geographic.</em></p>\n', '<p>Content Post is here!</p>\n', 'anh-luffy-chibi-3.jpg', 1, '2017-07-28 05:17:46', '2017-07-28 05:17:46'),
(19, 'Linh Khinh Nguoi', '<p><img src=\"http://images.mini-ielts.com/images/2017/17/lack-of-sleep.jpg\" /></p>\n\n<p><strong>Section A</strong><br />\nIt is estimated that the average man or woman needs between seven-and-a-half and eight hours&#39; sleep a night. Some can manage on a lot less. Baroness Thatcher, for example, was reported to be able to get by on four hours&#39; sleep a night when she was Prime Minister of Britain. Dr Jill Wilkinson, senior lecturer in psychology at Surrey University and co-author of &#39;Psychology in Counselling and Therapeutic Practice&#39;, states that healthy individuals sleeping less than five hours or even as little as two hours in every 24 hours are rare, but represent a sizeable minority.</p>\n\n<p><strong>Section B</strong><br />\nThe latest beliefs are that the main purposes of sleep are to enable the body to rest and replenish, allowing time for repairs to take place and for tissue to be regenerated. One supporting piece of evidence for this rest-and-repair theory is that production of the growth hormone somatotropin, which helps tissue to regenerate, peaks while we are asleep. Lack of sleep, however, can compromise the immune system, muddle thinking, cause depression, promote anxiety and encourage irritability.</p>\n\n<p><strong>Section C</strong><br />\nResearchers in San Diego deprived a group of men of sleep between 1am and 5am on just one night, and found that levels of their bodies&#39; natural defences against viral infections had fallen significantly when measured the following morning. &#39;Sleep is essential for our physical and emotional well-being and there are few aspects of daily living that are not disrupted by the lack of it&#39;, says Professor William Regelson of Virginia University, a specialist in insomnia. &#39;Because it can seriously undermine the functioning of the immune system, sufferers are vulnerable to infection.&#39;</p>\n\n<p><strong>Section D</strong><br />\nFor many people, lack of sleep is rarely a matter of choice. Some have problems getting to sleep, others with staying asleep until the morning. Despite popular belief that sleep is one long event, research shows that, in an average night, there are five stages of sleep and four cycles, during which the sequence of stages is repeated.<br />\n<br />\nIn the first light phase, the heart rate and blood pressure go down and the muscles relax. In the next two stages, sleep gets progressively deeper. In stage four, usually reached after an hour, the slumber is so deep that, if awoken, the sleeper would be confused and disorientated. It is in this phase that sleep-walking can occur, with an average episode lasting no more than 15 minutes.</p>\n\n<p>In the fifth stage, the rapid eye movement (REM) stage, the heartbeat quickly gets back to normal levels, brain activity accelerates to daytime heights and above and the eyes move constantly beneath closed lids as if the sleeper is looking at something. During this stage, the body is almost paralysed. This REM phase is also the time when we dream.</p>\n\n<p><strong>Section E</strong><br />\nSleeping patterns change with age, which is why many people over 60 develop insomnia. In America, that age group consumes almost half the sleep medication on the market. One theory for the age-related change is that it is due to hormonal changes. The temperature General Training: Reading and Writing rise occurs at daybreak in the young, but at three or four in the morning in the elderly. Age aside, it is estimated that roughly one in three people suffer some kind of sleep disturbance. Causes can be anything from pregnancy and stress to alcohol and heart disease. Smoking is a known handicap to sleep, with one survey showing that ex-smokers got to sleep in 18 minutes rather than their earlier average of 52 minutes.</p>\n\n<p><strong>Section F</strong><br />\nApart from self-help therapy such as regular exercise, there are psychological treatments, including relaxation training and therapy aimed at getting rid of pre-sleep worries and anxieties. There is also sleep reduction therapy, where the aim is to improve sleep quality by strictly regulating the time people go to bed and when they get up. Medication is regarded by many as a last resort and often takes the form of sleeping pills, normally benzodiazepines, which are minor tranquillisers.</p>\n\n<p><strong>Section G</strong><br />\nProfessor Regelson advocates the use of melatonin for treating sleep disorders. Melatonin is a naturally secreted hormone, located in the pineal gland deep inside the brain. The main function of the hormone is to control the body&#39;s biological clock, so we know when to sleep and when to wake. The gland detects light reaching it through the eye; when there is no light, it secretes the melatonin into the bloodstream, lowering the body temperature and helping to induce sleep. Melatonin pills contain a synthetic version of the hormone and are commonly used for jet lag as well as for sleep disturbance. John Nicholls, sales manager of one of America&#39;s largest health food shops, claims that sales of the pill have increased dramatically. He explains that it is sold in capsules, tablets, lozenges and mixed with herbs. It is not effective for all insomniacs, but many users have weaned themselves off sleeping tablets as a result of its application.</p>\n', '<p><img src=\"http://images.mini-ielts.com/images/2017/17/lack-of-sleep.jpg\"></p>\n\n<p><strong>Section A</strong><br>\nIt is estimated that the average man or woman needs between seven-and-a-half and eight hours\' sleep a night. Some can manage on a lot less. Baroness Thatcher, for example, was reported to be able to get by on four hours\' sleep a night when she was Prime Minister of Britain. Dr Jill Wilkinson, senior lectur<span class=\"answer-highlight highlight-1 hidden-highlight\" data-timestamp=\"1502089319209\" style=\"background-color: rgb(255, 255, 123);\" data-highlighted=\"true\" data-qnumber=\"42\" id=\"hl-answer-42\">er in psychology at Surrey University and co-author of \'Psychology in Counselling and Therapeutic Practice\', states that healthy individuals sleeping less than five hours or even as little as two h</span>ours in every 24 hours are rare, but represent a sizeable minority.</p>\n\n<p><strong>Section B</strong><br>\nThe latest beliefs are<span class=\"answer-highlight highlight-2 hidden-highlight\" data-timestamp=\"1502089320874\" style=\"background-color: rgb(255, 255, 123);\" data-highlighted=\"true\" data-qnumber=\"43\" id=\"hl-answer-43\"> that the main purposes of sleep are </span>to enable the body to rest and replenish, allowing time for repairs to take place and for tissue to be regenerated. One supporting piece of evidence for this rest-and-repair theory is that production of the growth hormone somatotropin, which helps tissue to regenerate, peaks while we are asleep. Lack of sleep, however, can compromise the immune system, muddle thinking, cause depression, promote anxiety and encourage irritability.</p>\n\n<p><strong>Section C</strong><br>\nResearchers in <span class=\"answer-highlight highlight-3 hidden-highlight\" data-timestamp=\"1502089322913\" style=\"background-color: rgb(255, 255, 123);\" data-highlighted=\"true\" data-qnumber=\"44\" id=\"hl-answer-44\">San Diego deprived a group of men of sleep between 1am and 5am on just one night, and found that levels of their bodies\' natural defences against viral infections had fallen significantly when measured the following morning. \'Sleep is essential for our physical and emotional well-being and there are few aspects of daily living that are not disrupted by the lack of it\',</span> says Professor William Regelson of Virginia University, a specialist in insomnia. \'Because it can seriously undermine the functioning of the imm<span class=\"answer-highlight highlight-4 hidden-highlight\" data-timestamp=\"1502089324801\" style=\"background-color: rgb(255, 255, 123);\" data-highlighted=\"true\" data-qnumber=\"45\" id=\"hl-answer-45\">une system, sufferers are vulnerable </span>to infection.\'</p>\n\n<p><strong>Section D</strong><br>\nFor many people, lack of sleep is rarely a matter of choice. Some have problems getting to sleep, others with staying asleep until the morning. Despite popular b<span class=\"answer-highlight highlight-5 hidden-highlight\" data-timestamp=\"1502089328570\" style=\"background-color: rgb(255, 255, 123);\" data-highlighted=\"true\" data-qnumber=\"46\" id=\"hl-answer-46\">elief that sleep is one long event, research shows that, in an average night, there are five stages of sleep and four cycles, during which the sequence of stages is repeated.</span><br>\n<br>\nIn the first light phase, the heart rate and blood pressure go<span class=\"answer-highlight highlight-3 hidden-highlight\" data-timestamp=\"1502089342250\" style=\"background-color: rgb(255, 255, 123);\" data-highlighted=\"true\" data-qnumber=\"44\" id=\"hl-answer-44\"> down and the muscles relax. In th</span>e next two stages, sleep gets progressively deeper. In stage four, usually reached after an hour, the slumber is so deep that, if awoken, the sleeper would be confused and disorientated. It is in this phase that sleep-walking can occur, with an average episode lasting no more than 15 minutes.</p>\n\n<p>In the fifth stage, the<span class=\"answer-highlight highlight-6 hidden-highlight\" data-timestamp=\"1502089331786\" style=\"background-color: rgb(255, 255, 123);\" data-highlighted=\"true\" data-qnumber=\"47\" id=\"hl-answer-47\"> rapid eye movement (REM) stage, t</span>he heartbeat quickly gets back to normal levels, brain activity accelerates to daytime heights and above and the eyes move constantly beneath closed lids as if the sleeper is looking at something. During this stage, the body is almost paralysed. This REM phase is also the time when we dream.</p>\n\n<p><strong>Section E</strong><br>\nSleeping patterns ch<span class=\"answer-highlight highlight-7 hidden-highlight\" data-timestamp=\"1502089333890\" style=\"background-color: rgb(255, 255, 123);\" data-highlighted=\"true\" data-qnumber=\"48\" id=\"hl-answer-48\">ange with age, which is why many people over 60 develop insomnia. In America, that age group consumes almost half the sleep medication on the market. One theory for the age-related change is that it is due to hormonal changes. The temperature General Training: Reading and Writing rise occurs at daybreak in the young, but at three or four in the morning in the elderly. Age aside, it is estimated that roughly one in three people suffer some kind of sleep disturbance. Causes can be anything from pregnancy and stress to al</span>cohol and heart disease. Smoking is a known handicap to sleep, with one survey showing that ex-smokers got to sleep in 18 minutes rather than their earlier average of 52 minutes.</p>\n\n<p><strong>Section F</strong><br>\nApart from self-help therapy such as regular exercise, there are psychological treatments, including relaxation training and therapy aimed at getting rid of pre-sleep worries a<span class=\"answer-highlight highlight-8 hidden-highlight\" data-timestamp=\"1502089337162\" style=\"background-color: rgb(255, 255, 123);\" data-highlighted=\"true\" data-qnumber=\"49\" id=\"hl-answer-49\">nd anxieties. There is </span>also sleep reductio<span class=\"answer-highlight highlight-5 hidden-highlight\" data-timestamp=\"1502089345681\" style=\"background-color: rgb(255, 255, 123);\" data-highlighted=\"true\" data-qnumber=\"46\" id=\"hl-answer-46\">n therapy, where the aim is to imp</span>rove sleep quality by strictly regulating the time people go to bed and when they get up. Medication is regarded by many as a last resort and often takes the form of sleeping pills, normally benzodiazepines, which are minor tranquillisers.</p>\n\n<p><strong>Section G</strong><br>\nProfessor Regelson advocates the use of melatonin for treating sleep disorders. Melatonin is a naturally secreted hormone, located in the pineal gland deep inside the brain. The main function of the hormone is to control the body\'s biological clock, so we know when to sleep and when to wake. The gland detects light <span class=\"answer-highlight highlight-8 hidden-highlight\" data-timestamp=\"1502089338769\" style=\"background-color: rgb(255, 255, 123);\" data-highlighted=\"true\" data-qnumber=\"49\" id=\"hl-answer-49\">reaching it through the eye; when there is no light, it secretes the melato</span>nin into the bloodstream, lowering the body temperature and helping to induce sleep. Melatonin pills contain a synthetic version of the hormone and are commonly used for jet lag as well as for sleep disturbance. John Nicholls, sales manager of one of America\'s l<span class=\"answer-highlight highlight-1 hidden-highlight\" data-timestamp=\"1502089348018\" style=\"background-color: rgb(255, 255, 123);\" data-highlighted=\"true\" data-qnumber=\"42\" id=\"hl-answer-42\">argest health food shops, claims that sales of the pill have increased dramatically. He explains that it is sold in capsules, tablets, lozenges and mixed with herbs. It is not effective for all insomniacs, but man</span>y users have weaned themselves off sleeping tablets as a result of its application.</p>\n', '17202851_1302501116494406_3030118489976247994_n.jpg', 1, '2017-08-07 07:02:53', '2017-08-07 07:02:53'),
(20, 'Linh Heu', '<p><img src=\"http://images.mini-ielts.com/images/2017/17/lack-of-sleep.jpg\" /></p>\n\n<p><strong>Section A</strong><br />\nIt is estimated that the average man or woman needs between seven-and-a-half and eight hours&#39; sleep a night. Some can manage on a lot less. Baroness Thatcher, for example, was reported to be able to get by on four hours&#39; sleep a night when she was Prime Minister of Britain. Dr Jill Wilkinson, senior lecturer in psychology at Surrey University and co-author of &#39;Psychology in Counselling and Therapeutic Practice&#39;, states that healthy individuals sleeping less than five hours or even as little as two hours in every 24 hours are rare, but represent a sizeable minority.</p>\n\n<p><strong>Section B</strong><br />\nThe latest beliefs are that the main purposes of sleep are to enable the body to rest and replenish, allowing time for repairs to take place and for tissue to be regenerated. One supporting piece of evidence for this rest-and-repair theory is that production of the growth hormone somatotropin, which helps tissue to regenerate, peaks while we are asleep. Lack of sleep, however, can compromise the immune system, muddle thinking, cause depression, promote anxiety and encourage irritability.</p>\n\n<p><strong>Section C</strong><br />\nResearchers in San Diego deprived a group of men of sleep between 1am and 5am on just one night, and found that levels of their bodies&#39; natural defences against viral infections had fallen significantly when measured the following morning. &#39;Sleep is essential for our physical and emotional well-being and there are few aspects of daily living that are not disrupted by the lack of it&#39;, says Professor William Regelson of Virginia University, a specialist in insomnia. &#39;Because it can seriously undermine the functioning of the immune system, sufferers are vulnerable to infection.&#39;</p>\n\n<p><strong>Section D</strong><br />\nFor many people, lack of sleep is rarely a matter of choice. Some have problems getting to sleep, others with staying asleep until the morning. Despite popular belief that sleep is one long event, research shows that, in an average night, there are five stages of sleep and four cycles, during which the sequence of stages is repeated.<br />\n<br />\nIn the first light phase, the heart rate and blood pressure go down and the muscles relax. In the next two stages, sleep gets progressively deeper. In stage four, usually reached after an hour, the slumber is so deep that, if awoken, the sleeper would be confused and disorientated. It is in this phase that sleep-walking can occur, with an average episode lasting no more than 15 minutes.</p>\n\n<p>In the fifth stage, the rapid eye movement (REM) stage, the heartbeat quickly gets back to normal levels, brain activity accelerates to daytime heights and above and the eyes move constantly beneath closed lids as if the sleeper is looking at something. During this stage, the body is almost paralysed. This REM phase is also the time when we dream.</p>\n\n<p><strong>Section E</strong><br />\nSleeping patterns change with age, which is why many people over 60 develop insomnia. In America, that age group consumes almost half the sleep medication on the market. One theory for the age-related change is that it is due to hormonal changes. The temperature General Training: Reading and Writing rise occurs at daybreak in the young, but at three or four in the morning in the elderly. Age aside, it is estimated that roughly one in three people suffer some kind of sleep disturbance. Causes can be anything from pregnancy and stress to alcohol and heart disease. Smoking is a known handicap to sleep, with one survey showing that ex-smokers got to sleep in 18 minutes rather than their earlier average of 52 minutes.</p>\n\n<p><strong>Section F</strong><br />\nApart from self-help therapy such as regular exercise, there are psychological treatments, including relaxation training and therapy aimed at getting rid of pre-sleep worries and anxieties. There is also sleep reduction therapy, where the aim is to improve sleep quality by strictly regulating the time people go to bed and when they get up. Medication is regarded by many as a last resort and often takes the form of sleeping pills, normally benzodiazepines, which are minor tranquillisers.</p>\n\n<p><strong>Section G</strong><br />\nProfessor Regelson advocates the use of melatonin for treating sleep disorders. Melatonin is a naturally secreted hormone, located in the pineal gland deep inside the brain. The main function of the hormone is to control the body&#39;s biological clock, so we know when to sleep and when to wake. The gland detects light reaching it through the eye; when there is no light, it secretes the melatonin into the bloodstream, lowering the body temperature and helping to induce sleep. Melatonin pills contain a synthetic version of the hormone and are commonly used for jet lag as well as for sleep disturbance. John Nicholls, sales manager of one of America&#39;s largest health food shops, claims that sales of the pill have increased dramatically. He explains that it is sold in capsules, tablets, lozenges and mixed with herbs. It is not effective for all insomniacs, but many users have weaned themselves off sleeping tablets as a result of its application.</p>\n', '<p><img src=\"http://images.mini-ielts.com/images/2017/17/lack-of-sleep.jpg\"></p>\n\n<p><strong>Section A</strong><br>\n<span class=\"answer-highlight highlight-1 hidden-highlight\" data-timestamp=\"1502089618586\" style=\"background-color: rgb(255, 255, 123);\" data-highlighted=\"true\" data-qnumber=\"50\" id=\"hl-answer-50\">It is estimated that the average man or woman needs between seven-and-a-half and eight hours\' sleep a night. Some can manage on a lot less. Baroness Thatcher, for example, was reported</span> to be able to get by on four hours\' sleep a night when she was Prime Minister of Britain. Dr Jill Wilkinson, senior lecturer in psychology at Surrey University and co<span class=\"answer-highlight highlight-2 hidden-highlight\" data-timestamp=\"1502089620329\" style=\"background-color: rgb(255, 255, 123);\" data-highlighted=\"true\" data-qnumber=\"51\" id=\"hl-answer-51\">-author of \'Psychology in </span>Counselling <span class=\"answer-highlight highlight-5 hidden-highlight\" data-timestamp=\"1502089648410\" style=\"background-color: rgb(255, 255, 123);\" data-highlighted=\"true\" data-qnumber=\"54\" id=\"hl-answer-54\">and Therapeutic Practice\', states that</span> healthy indivi<span class=\"answer-highlight highlight-7 hidden-highlight\" data-timestamp=\"1502089653449\" style=\"background-color: rgb(255, 255, 123);\" data-highlighted=\"true\" data-qnumber=\"56\" id=\"hl-answer-56\">duals sleeping less than five hours or e</span>ven as little as two hours in every 24 hours are rare, but represent a sizeable minority.</p>\n\n<p><strong>Section B</strong><br>\nThe latest beliefs are that the main purposes o<span class=\"answer-highlight highlight-6 hidden-highlight\" data-timestamp=\"1502089651369\" style=\"background-color: rgb(255, 255, 123);\" data-highlighted=\"true\" data-qnumber=\"55\" id=\"hl-answer-55\">f sleep are to enable the body to rest and replenish, allowing time f</span>or repairs to take place and for tissue to be regen<span class=\"answer-highlight highlight-3 hidden-highlight\" data-timestamp=\"1502089622018\" style=\"background-color: rgb(255, 255, 123);\" data-highlighted=\"true\" data-qnumber=\"52\" id=\"hl-answer-52\">erated. One supporting piece of evidence for this rest-and-repair theory is that production of the growth hormone somatotropin, which helps tissue to regenerate, peaks while we are asleep. Lack of sleep, however, can compromise the immune system, muddle thinking, cause depression, promote anxiety and encourage irritability.</span></p>\n\n<p><strong>Section C</strong><br>\nResearc<span class=\"answer-highlight highlight-4 hidden-highlight\" data-timestamp=\"1502089624210\" style=\"background-color: rgb(255, 255, 123);\" data-highlighted=\"true\" data-qnumber=\"53\" id=\"hl-answer-53\">hers in San Diego deprived a group of men of sleep between 1am and 5am on just one</span> night, and <span class=\"answer-highlight highlight-8 hidden-highlight\" data-timestamp=\"1502089655530\" style=\"background-color: rgb(255, 255, 123);\" data-highlighted=\"true\" data-qnumber=\"57\" id=\"hl-answer-57\">found that levels of their bodies\' na</span>tural defences against viral infections had fallen significantly when measured the following morning. \'Sleep is essential for our physical and emotional well-being and there are few aspects of daily living that are not disrupted by the lack of it\', says Professor William Regelson of Virginia University, a specialist in insomnia. \'Because it can seriously undermine the functioning of the immune system, sufferers are vulnerable to infection.\'</p>\n\n<p><strong>Section D</strong><br>\nFor ma<span class=\"answer-highlight highlight-5 hidden-highlight\" data-timestamp=\"1502089627154\" style=\"background-color: rgb(255, 255, 123);\" data-highlighted=\"true\" data-qnumber=\"54\" id=\"hl-answer-54\">ny people, lack of sleep is rarely a matter of choice. Some have problems ge</span>tting to sleep, others with staying asleep until the morning. Despite popular belief that sleep is one long event, research shows that, in an average night, there are five stages of sleep and four cycles, during which the sequence of stages is repeated.<br>\n<br>\nIn the first light phase, the heart rate and blood pressure go down and the muscles relax. In the next two stages, sleep gets progressively deeper. In stage four,<span class=\"answer-highlight highlight-6 hidden-highlight\" data-timestamp=\"1502089630282\" style=\"background-color: rgb(255, 255, 123);\" data-highlighted=\"true\" data-qnumber=\"55\" id=\"hl-answer-55\"> usually reached after an hour, the slumber is so deep that, if awoken, </span>the sleeper would be confused and disorientated. It is in this phase that sleep-walking can occur, with an average episode lasting no more than 15 minutes.</p>\n\n<p>In the fifth stage, the rapid eye movement (REM) stage, the heartbeat quickly <span class=\"answer-highlight highlight-3 hidden-highlight\" data-timestamp=\"1502089642251\" style=\"background-color: rgb(255, 255, 123);\" data-highlighted=\"true\" data-qnumber=\"52\" id=\"hl-answer-52\">gets back to normal levels, brain activity accelerates to daytime h</span>eights and above and the eyes move constantly beneath closed lids as if the sleeper is looking at something. During this stage, the body is almost paralysed. This REM phase<span class=\"answer-highlight highlight-7 hidden-highlight\" data-timestamp=\"1502089632697\" style=\"background-color: rgb(255, 255, 123);\" data-highlighted=\"true\" data-qnumber=\"56\" id=\"hl-answer-56\"> is also the time when we dream.</span></p>\n\n<p><strong><span class=\"answer-highlight highlight-7 hidden-highlight\" data-timestamp=\"1502089632697\" style=\"background-color: rgb(255, 255, 123);\" data-highlighted=\"true\" data-qnumber=\"56\" id=\"hl-answer-56\">Section E</span></strong><br><span class=\"answer-highlight highlight-7 hidden-highlight\" data-timestamp=\"1502089632697\" style=\"background-color: rgb(255, 255, 123);\" data-highlighted=\"true\" data-qnumber=\"56\" id=\"hl-answer-56\">\nSleeping patterns change with age, which is why many people over 60</span> develop insomnia. In America, that age group consumes almost half the sleep medication on the market. One theory for the age-related change is that it is d<span class=\"answer-highlight highlight-4 hidden-highlight\" data-timestamp=\"1502089645370\" style=\"background-color: rgb(255, 255, 123);\" data-highlighted=\"true\" data-qnumber=\"53\" id=\"hl-answer-53\">ue to hormonal changes. The temperature General Training: Reading and Writing rise occurs at daybreak in the young, but at three or four in the morning in the elderly. Age aside, it is estimated that rou</span>ghly one in three people suffer some kind of sleep disturbance. Causes can be anything from pregnancy and stress to alcohol and heart disease. Smoking is a known handicap to sleep, with one survey showing that ex-sm<span class=\"answer-highlight highlight-2 hidden-highlight\" data-timestamp=\"1502089639538\" style=\"background-color: rgb(255, 255, 123);\" data-highlighted=\"true\" data-qnumber=\"51\" id=\"hl-answer-51\">okers got to sleep in 18 minutes rather than their earlier average of 52 </span>minutes.</p>\n\n<p><strong>Section F</strong><br>\nApart from self-help therapy such as regular exercise, there are psychological treatments, including relaxation training and therapy aimed at getting rid of pre-<span class=\"answer-highlight highlight-8 hidden-highlight\" data-timestamp=\"1502089634681\" style=\"background-color: rgb(255, 255, 123);\" data-highlighted=\"true\" data-qnumber=\"57\" id=\"hl-answer-57\">sleep worries and anxieties. There is also sleep reduction therapy, </span>where the aim is to improve sleep quality by strictly regulating the time people go to bed and when they get up. Medication is regarded by many as a last resort and often takes the form of sleeping pills, normally benzodiazepines, which are minor tranquillisers.</p>\n\n<p><strong>Section G</strong><br>\nProfessor Regelso<span class=\"answer-highlight highlight-1 hidden-highlight\" data-timestamp=\"1502089637650\" style=\"background-color: rgb(255, 255, 123);\" data-highlighted=\"true\" data-qnumber=\"50\" id=\"hl-answer-50\">n advocates the use of melatonin for treating sleep disorders. Melatonin is a naturally secreted hormone, located in the pineal gland deep inside the brain. The main function of the hormone is to control the body\'s biological clock, so we know when to sleep and when to wake. The gland detects light reaching it through the eye; when there is no light, it secretes the melatonin into the bloodstream, lowering the body temperature and helping to induce sleep. Melatonin pills contain a synth</span>etic version of the hormone and are commonly used for jet lag as well as for sleep disturbance. John Nicholls, sales manager of one of America\'s largest health food shops, claims that sales of the pill have increased dramatically. He explains that it is sold in capsules, tablets, lozenges and mixed with herbs. It is not effective for all insomniacs, but many users have weaned themselves off sleeping tablets as a result of its application.</p>\n', '15000772_1195724590507171_826078311814804741_o.jpg', 1, '2017-08-07 07:07:44', '2017-08-07 07:07:44'),
(21, 'dd', '<p>Content Post is here!</p>\n', '<p>Content Post<span class=\"answer-highlight highlight-1 hidden-highlight\" data-timestamp=\"1502098252299\" style=\"background-color: rgb(255, 255, 123);\" data-highlighted=\"true\" data-qnumber=\"58\" id=\"hl-answer-58\"> is here!</span></p>\n', '15000772_1195724590507171_826078311814804741_o.jpg', 1, '2017-08-07 09:31:01', '2017-08-07 09:31:01'),
(22, 'dasd3 3', '<p>Content Post is here!</p>\n', '<p>Content P<span class=\"answer-highlight highlight-1 hidden-highlight\" data-timestamp=\"1502098304699\" style=\"background-color: rgb(255, 255, 123);\" data-highlighted=\"true\" data-qnumber=\"59\" id=\"hl-answer-59\">ost is here!</span></p>\n', '17202851_1302501116494406_3030118489976247994_n.jpg', 1, '2017-08-07 09:31:46', '2017-08-07 09:31:46'),
(23, 'Linh Ngo', '<p>Content Post is here!</p>\n', '<p>Content Post is <span class=\"answer-highlight highlight-1 hidden-highlight\" data-timestamp=\"1502112038459\" style=\"background-color: rgb(255, 255, 123);\" data-highlighted=\"true\" data-qnumber=\"60\" id=\"hl-answer-60\">here!</span></p>\n', '15000772_1195724590507171_826078311814804741_o.jpg', 1, '2017-08-07 13:20:40', '2017-08-07 13:20:40'),
(24, 'A', '<p>Content Post is here!</p>\n', '<p>Content Post is <span class=\"answer-highlight highlight-1 hidden-highlight\" data-timestamp=\"1502112142236\" style=\"background-color: rgb(255, 255, 123);\" data-highlighted=\"true\" data-qnumber=\"61\" id=\"hl-answer-61\">here!</span></p>\n', '15000772_1195724590507171_826078311814804741_o.jpg', 1, '2017-08-07 13:22:23', '2017-08-07 13:22:23');

-- --------------------------------------------------------

--
-- Cấu trúc bảng cho bảng `reading_manager_lessons`
--

CREATE TABLE `reading_manager_lessons` (
  `id` int(10) UNSIGNED NOT NULL,
  `user_id` int(10) UNSIGNED NOT NULL,
  `lesson_id` int(10) UNSIGNED NOT NULL,
  `created_at` timestamp NULL DEFAULT NULL,
  `updated_at` timestamp NULL DEFAULT NULL
) ENGINE=InnoDB DEFAULT CHARSET=utf8 COLLATE=utf8_unicode_ci;

-- --------------------------------------------------------

--
-- Cấu trúc bảng cho bảng `reading_questions`
--

CREATE TABLE `reading_questions` (
  `id` int(10) UNSIGNED NOT NULL,
  `quiz_id` int(10) UNSIGNED NOT NULL,
  `question_id_custom` int(10) UNSIGNED NOT NULL,
  `answer` varchar(191) COLLATE utf8mb4_unicode_ci NOT NULL,
  `keyword` varchar(191) COLLATE utf8mb4_unicode_ci DEFAULT NULL,
  `type_question_id` int(10) UNSIGNED NOT NULL,
  `status` tinyint(1) NOT NULL DEFAULT '1',
  `created_at` timestamp NULL DEFAULT NULL,
  `updated_at` timestamp NULL DEFAULT NULL
) ENGINE=InnoDB DEFAULT CHARSET=utf8mb4 COLLATE=utf8mb4_unicode_ci;

--
-- Đang đổ dữ liệu cho bảng `reading_questions`
--

INSERT INTO `reading_questions` (`id`, `quiz_id`, `question_id_custom`, `answer`, `keyword`, `type_question_id`, `status`, `created_at`, `updated_at`) VALUES
(8, 10, 8, 'A', 'sdf', 1, 1, '2017-07-24 03:34:16', '2017-07-24 03:34:16'),
(9, 10, 9, 'V', 'dsad', 4, 1, '2017-07-24 03:34:16', '2017-07-24 03:34:16'),
(10, 10, 10, '3a', 'ad', 1, 1, '2017-07-24 03:34:16', '2017-07-24 03:34:16'),
(11, 11, 11, 'A', '', 1, 1, '2017-07-24 03:35:25', '2017-07-24 03:35:25'),
(12, 11, 12, 'B', 'sd', 2, 1, '2017-07-24 03:35:25', '2017-07-24 03:35:25'),
(13, 11, 13, 'C', 'asd', 3, 1, '2017-07-24 03:35:25', '2017-07-24 03:35:25'),
(14, 11, 14, 'D', 'd', 1, 1, '2017-07-24 03:35:25', '2017-07-24 03:35:25'),
(15, 12, 11, 'A', '', 1, 1, '2017-07-24 03:38:17', '2017-07-24 03:38:17'),
(16, 12, 12, 'B', 'sd', 2, 1, '2017-07-24 03:38:17', '2017-07-24 03:38:17'),
(17, 12, 13, 'C', 'asd', 3, 1, '2017-07-24 03:38:17', '2017-07-24 03:38:17'),
(18, 12, 14, 'D', 'd', 1, 1, '2017-07-24 03:38:17', '2017-07-24 03:38:17'),
(19, 12, 15, 'D', '', 2, 1, '2017-07-24 03:38:17', '2017-07-24 03:38:17'),
(20, 12, 16, 'ca', 'a', 2, 1, '2017-07-24 03:38:17', '2017-07-24 03:38:17'),
(31, 14, 27, 'asd', 'sd', 1, 1, '2017-07-24 04:15:08', '2017-07-24 04:15:08'),
(32, 14, 28, 'fd', 'asfd', 1, 1, '2017-07-24 04:15:08', '2017-07-24 04:15:08'),
(33, 14, 29, 'fd', ' dfd', 1, 1, '2017-07-24 04:15:08', '2017-07-24 04:15:08'),
(34, 15, 30, 'A', 'test', 1, 1, '2017-07-28 04:21:14', '2017-07-28 04:21:14'),
(35, 15, 31, 'B', 'sad asd', 2, 1, '2017-07-28 04:21:14', '2017-07-28 04:21:14'),
(36, 15, 32, 'C', 'dsad dsf rt ', 4, 1, '2017-07-28 04:21:14', '2017-07-28 04:21:14'),
(37, 15, 33, 'D', 'gdaf rt tggfh', 5, 1, '2017-07-28 04:21:14', '2017-07-28 04:21:14'),
(38, 15, 34, 'D', 'dasd sdsdf dsf', 2, 1, '2017-07-28 04:21:14', '2017-07-28 04:21:14'),
(43, 18, 39, 'A', 'asd', 1, 1, '2017-07-28 05:17:46', '2017-07-28 05:17:46'),
(44, 18, 40, 'V', 'dsad', 1, 1, '2017-07-28 05:17:46', '2017-07-28 05:17:46'),
(45, 18, 41, 'C', 'asdsd', 1, 1, '2017-07-28 05:17:46', '2017-07-28 05:17:46'),
(46, 19, 42, 'A', 'linh heu', 3, 1, '2017-08-07 07:02:53', '2017-08-07 07:02:53'),
(47, 19, 43, 'B', 'Linh Cho', 6, 1, '2017-08-07 07:02:53', '2017-08-07 07:02:53'),
(48, 19, 44, 'C', 'Linh Thui', 1, 1, '2017-08-07 07:02:53', '2017-08-07 07:02:53'),
(49, 19, 45, 'D', 'Linh Kho', 7, 1, '2017-08-07 07:02:53', '2017-08-07 07:02:53'),
(50, 19, 46, 'E', 'Linh Ten', 6, 1, '2017-08-07 07:02:53', '2017-08-07 07:02:53'),
(51, 19, 47, 'F', 'Linh Ngo', 6, 1, '2017-08-07 07:02:53', '2017-08-07 07:02:53'),
(52, 19, 48, 'G', 'Linh Ham', 8, 1, '2017-08-07 07:02:53', '2017-08-07 07:02:53'),
(53, 19, 49, 'H', 'Linh Q', 5, 1, '2017-08-07 07:02:53', '2017-08-07 07:02:53'),
(54, 20, 50, 'A', 'sdf', 3, 1, '2017-08-07 07:07:44', '2017-08-07 07:07:44'),
(55, 20, 51, 'B', 'dsad', 1, 1, '2017-08-07 07:07:44', '2017-08-07 07:07:44'),
(56, 20, 52, 'C', 'sda 3', 6, 1, '2017-08-07 07:07:44', '2017-08-07 07:07:44'),
(57, 20, 53, 'D', 'dsf dsf', 5, 1, '2017-08-07 07:07:44', '2017-08-07 07:07:44'),
(58, 20, 54, 'DF', '', 5, 1, '2017-08-07 07:07:44', '2017-08-07 07:07:44'),
(59, 20, 55, 'dsf', 'fdsf', 7, 1, '2017-08-07 07:07:44', '2017-08-07 07:07:44'),
(60, 20, 56, 'fds', 'fdsf', 2, 1, '2017-08-07 07:07:44', '2017-08-07 07:07:44'),
(61, 20, 57, 'fds', '', 7, 1, '2017-08-07 07:07:44', '2017-08-07 07:07:44'),
(62, 21, 58, 'A', 'asd', 3, 1, '2017-08-07 09:31:01', '2017-08-07 09:31:01'),
(63, 22, 59, 'da', 'dsd', 3, 1, '2017-08-07 09:31:46', '2017-08-07 09:31:46'),
(64, 23, 60, 'A', 'ke', 3, 1, '2017-08-07 13:20:40', '2017-08-07 13:20:40'),
(65, 24, 61, 'A', 'asd', 3, 1, '2017-08-07 13:22:23', '2017-08-07 13:22:23');

-- --------------------------------------------------------

--
-- Cấu trúc bảng cho bảng `reading_question_and_answers`
--

CREATE TABLE `reading_question_and_answers` (
  `id` int(10) UNSIGNED NOT NULL,
  `question_id` int(10) UNSIGNED NOT NULL,
  `user_id` int(10) UNSIGNED NOT NULL,
  `reply_id` int(10) UNSIGNED NOT NULL DEFAULT '0',
  `content_cmt` text COLLATE utf8mb4_unicode_ci NOT NULL,
  `status` tinyint(1) NOT NULL DEFAULT '1',
  `private` tinyint(1) NOT NULL DEFAULT '1',
  `created_at` timestamp NULL DEFAULT NULL,
  `updated_at` timestamp NULL DEFAULT NULL
) ENGINE=InnoDB DEFAULT CHARSET=utf8mb4 COLLATE=utf8mb4_unicode_ci;

--
-- Đang đổ dữ liệu cho bảng `reading_question_and_answers`
--

INSERT INTO `reading_question_and_answers` (`id`, `question_id`, `user_id`, `reply_id`, `content_cmt`, `status`, `private`, `created_at`, `updated_at`) VALUES
(4, 43, 2, 0, 'dsad', 1, 0, '2017-08-02 11:28:36', '2017-08-02 11:28:36'),
(5, 43, 2, 0, 'ad', 1, 0, '2017-08-02 11:29:27', '2017-08-02 11:29:27'),
(6, 44, 2, 0, 'dsad]', 1, 0, '2017-08-02 11:31:27', '2017-08-02 11:31:27'),
(7, 43, 2, 0, 'ahihi', 1, 0, '2017-08-02 11:33:05', '2017-08-02 11:33:05'),
(8, 43, 2, 0, 'asdsad', 1, 1, '2017-08-02 11:33:19', '2017-08-02 11:33:19'),
(9, 44, 2, 0, 'dsad', 1, 0, '2017-08-02 11:34:31', '2017-08-02 11:34:31'),
(10, 44, 2, 6, 'hoho', 1, 0, '2017-08-02 11:34:41', '2017-08-02 11:34:41'),
(11, 44, 2, 0, 'asd', 1, 0, '2017-08-02 11:34:42', '2017-08-02 11:34:42'),
(12, 43, 10, 0, 'dasdsd', 1, 0, '2017-08-02 11:38:15', '2017-08-02 11:38:15'),
(13, 43, 10, 0, 'asd', 1, 0, '2017-08-02 11:38:18', '2017-08-02 11:38:18'),
(14, 43, 10, 13, 'dasd', 1, 0, '2017-08-02 11:38:21', '2017-08-02 11:38:21'),
(15, 43, 10, 0, 'dasd', 1, 1, '2017-08-02 11:40:16', '2017-08-02 11:40:16'),
(16, 43, 2, 12, 'zdfdsf', 1, 1, '2017-08-02 11:40:25', '2017-08-02 11:40:25'),
(17, 43, 2, 12, 'dasd', 1, 1, '2017-08-02 08:42:36', '2017-08-02 08:42:36'),
(18, 43, 2, 0, 'hello', 1, 1, '2017-08-02 08:42:40', '2017-08-02 08:42:40'),
(19, 43, 2, 0, 'dsad', 1, 1, '2017-08-02 16:19:36', '2017-08-02 16:19:36'),
(20, 43, 2, 0, 'hello 123', 1, 1, '2017-08-02 16:20:00', '2017-08-02 16:20:00'),
(25, 43, 2, 0, 'hello', 1, 1, '2017-08-02 16:52:10', '2017-08-02 16:52:10'),
(26, 43, 2, 0, 'dsa', 1, 1, '2017-08-02 16:52:57', '2017-08-02 16:52:57'),
(27, 43, 2, 18, 'dsad', 1, 1, '2017-08-02 16:53:37', '2017-08-02 16:53:37'),
(28, 43, 2, 18, 'dsa', 1, 1, '2017-08-02 16:54:20', '2017-08-02 16:54:20'),
(29, 43, 2, 18, 'dsad', 1, 1, '2017-08-02 16:55:14', '2017-08-02 16:55:14'),
(30, 43, 2, 18, 'dsad', 1, 1, '2017-08-02 16:56:55', '2017-08-02 16:56:55'),
(31, 45, 2, 0, 'df', 1, 1, '2017-08-02 16:59:41', '2017-08-02 16:59:41'),
(32, 43, 2, 18, 'alo', 1, 1, '2017-08-02 17:06:01', '2017-08-02 17:06:01'),
(33, 43, 2, 18, 'dsa', 1, 1, '2017-08-02 17:06:43', '2017-08-02 17:06:43'),
(34, 43, 2, 18, 'dsa', 1, 1, '2017-08-02 17:07:23', '2017-08-02 17:07:23'),
(35, 43, 2, 18, 'dsa', 1, 1, '2017-08-02 17:07:41', '2017-08-02 17:07:41'),
(36, 43, 2, 18, 'dsad', 1, 1, '2017-08-02 17:11:03', '2017-08-02 17:11:03'),
(37, 43, 2, 18, 'c', 1, 1, '2017-08-02 17:13:10', '2017-08-02 17:13:10'),
(38, 43, 2, 18, '4', 1, 1, '2017-08-02 17:13:39', '2017-08-02 17:13:39'),
(39, 43, 2, 18, 'd', 1, 1, '2017-08-02 17:13:57', '2017-08-02 17:13:57'),
(40, 43, 2, 18, 'dsa', 1, 1, '2017-08-02 17:37:25', '2017-08-02 17:37:25'),
(41, 44, 2, 6, 'dsad', 1, 1, '2017-08-02 17:37:59', '2017-08-02 17:37:59'),
(42, 43, 2, 18, 'fdsf', 1, 1, '2017-08-02 17:38:45', '2017-08-02 17:38:45'),
(43, 43, 2, 18, '', 1, 1, '2017-08-02 17:38:45', '2017-08-02 17:38:45'),
(44, 45, 2, 31, 'e', 1, 1, '2017-08-02 17:39:07', '2017-08-02 17:39:07'),
(45, 45, 2, 31, 'fds', 1, 1, '2017-08-02 17:39:44', '2017-08-02 17:39:44'),
(46, 45, 10, 0, 'ahihi', 1, 1, '2017-08-02 17:40:56', '2017-08-02 17:40:56'),
(47, 45, 2, 0, 'dsa', 1, 1, '2017-08-02 17:41:21', '2017-08-02 17:41:21'),
(48, 45, 2, 0, 'dsa', 1, 1, '2017-08-02 17:42:38', '2017-08-02 17:42:38'),
(49, 45, 2, 0, 'd', 1, 1, '2017-08-02 17:43:59', '2017-08-02 17:43:59'),
(50, 43, 2, 18, 'dsad', 1, 1, '2017-08-02 17:44:22', '2017-08-02 17:44:22'),
(51, 43, 10, 8, '2', 1, 1, '2017-08-02 17:51:43', '2017-08-02 17:51:43'),
(52, 43, 10, 7, 'hello', 1, 1, '2017-08-02 17:55:58', '2017-08-02 17:55:58'),
(53, 43, 10, 4, 'dsad', 1, 1, '2017-08-02 17:56:51', '2017-08-02 17:56:51'),
(54, 43, 10, 4, 'dsa', 1, 1, '2017-08-02 17:58:01', '2017-08-02 17:58:01'),
(55, 43, 10, 4, 'dsad', 1, 1, '2017-08-02 17:58:44', '2017-08-02 17:58:44'),
(56, 36, 10, 0, 'helo Heo', 1, 1, '2017-08-03 15:58:24', '2017-08-03 15:58:24'),
(57, 54, 10, 0, 'hello', 1, 1, '2017-08-07 07:12:27', '2017-08-07 07:12:27'),
(58, 54, 10, 0, ':v', 1, 1, '2017-08-07 07:12:27', '2017-08-07 07:12:27'),
(59, 54, 10, 0, 'ahihi', 1, 1, '2017-08-07 07:12:29', '2017-08-07 07:12:29'),
(60, 54, 10, 57, 'xin chao', 1, 1, '2017-08-07 07:12:34', '2017-08-07 07:12:34'),
(61, 54, 10, 0, 'minh la Bi', 1, 1, '2017-08-07 07:12:38', '2017-08-07 07:12:38'),
(62, 54, 10, 61, 'ban la heu Linh ha', 1, 1, '2017-08-07 07:12:46', '2017-08-07 07:12:46'),
(63, 54, 10, 61, 'ko, minh la Bi Mat Seo', 1, 1, '2017-08-07 07:12:53', '2017-08-07 07:12:53'),
(64, 54, 10, 57, 'hehe', 1, 1, '2017-08-07 10:18:41', '2017-08-07 10:18:41'),
(65, 46, 10, 0, 'helo', 1, 1, '2017-08-07 13:31:34', '2017-08-07 13:31:34'),
(66, 47, 10, 0, 'hihi', 1, 1, '2017-08-07 13:37:34', '2017-08-07 13:37:34'),
(67, 46, 10, 0, 'helo', 1, 1, '2017-08-07 13:56:26', '2017-08-07 13:56:26'),
(68, 46, 10, 65, 'asd', 1, 1, '2017-08-07 13:56:28', '2017-08-07 13:56:28'),
(69, 46, 10, 65, '243', 1, 1, '2017-08-07 13:56:30', '2017-08-07 13:56:30'),
(70, 54, 10, 61, 'hello', 1, 1, '2017-08-08 16:04:19', '2017-08-08 16:04:19'),
(71, 54, 10, 57, 'gjhj g h', 1, 1, '2017-08-09 13:59:06', '2017-08-09 13:59:06'),
(72, 54, 10, 0, 'klj', 1, 1, '2017-08-09 13:59:12', '2017-08-09 13:59:12'),
(73, 54, 2, 0, 'hello', 1, 1, '2017-08-09 15:04:49', '2017-08-09 15:04:49'),
(74, 54, 10, 0, 'addasd', 1, 1, '2017-08-09 16:24:19', '2017-08-09 16:24:19'),
(75, 54, 10, 0, 'dasd', 1, 1, '2017-08-09 16:24:28', '2017-08-09 16:24:28');

-- --------------------------------------------------------

--
-- Cấu trúc bảng cho bảng `reading_quizzs`
--

CREATE TABLE `reading_quizzs` (
  `id` int(10) UNSIGNED NOT NULL,
  `lesson_id` int(10) UNSIGNED NOT NULL,
  `content_quiz` text COLLATE utf8mb4_unicode_ci NOT NULL,
  `content_answer_quiz` text COLLATE utf8mb4_unicode_ci NOT NULL,
  `total_questions` int(11) NOT NULL,
  `type_lesson` tinyint(4) NOT NULL DEFAULT '1',
  `limit_time` int(11) NOT NULL DEFAULT '0',
  `status` tinyint(1) NOT NULL DEFAULT '1',
  `created_at` timestamp NULL DEFAULT NULL,
  `updated_at` timestamp NULL DEFAULT NULL
) ENGINE=InnoDB DEFAULT CHARSET=utf8mb4 COLLATE=utf8mb4_unicode_ci;

--
-- Đang đổ dữ liệu cho bảng `reading_quizzs`
--

INSERT INTO `reading_quizzs` (`id`, `lesson_id`, `content_quiz`, `content_answer_quiz`, `total_questions`, `type_lesson`, `limit_time`, `status`, `created_at`, `updated_at`) VALUES
(10, 10, '<p><span class=\"label-input key-label\"><strong>1</strong></span> <input class=\"question-quiz question-input question-1 last-option\" data-qnumber=\"8\" name=\"question-1\" onclick=\"bitest(this)\" type=\"text\" />Content Post is here!</p>\n\n<p><span class=\"label-input key-label\"><strong>2</strong></span> <input class=\"question-quiz question-input question-2 last-option\" data-qnumber=\"9\" name=\"question-2\" onclick=\"bitest(this)\" type=\"text\" /></p>\n\n<p><span class=\"label-input key-label\"><strong>4</strong></span> <input class=\"question-quiz question-input question-4 last-option\" data-qnumber=\"11\" name=\"question-4\" onclick=\"bitest(this)\" type=\"text\" /></p>\n\n<p><span class=\"label-input key-label\"><strong>3</strong></span> <input class=\"question-quiz question-input question-3 last-option\" data-qnumber=\"10\" name=\"question-3\" onclick=\"bitest(this)\" type=\"text\" /></p>\n\n<p><span class=\"label-input key-label\"><strong>6</strong></span> <input class=\"question-quiz question-input question-6 last-option\" data-qnumber=\"12\" name=\"question-6\" onclick=\"bitest(this)\" type=\"text\" /></p>\n\n<p><span class=\"label-input key-label\"><strong>5</strong></span> <input class=\"question-quiz question-input question-5 last-option\" data-qnumber=\"13\" name=\"question-5\" onclick=\"bitest(this)\" type=\"text\" /></p>\n', '<p><span class=\"label-input key-label\"><strong>1</strong></span> <input class=\"question-quiz question-input question-1 last-option\" data-qnumber=\"8\" name=\"question-1\" onclick=\"bitest(this)\" type=\"text\" disabled=\"disabled\">Content Post is here!</p><div class=\"explain-area\"><span><strong>Answer 1: A</strong></span><a class=\"btn btn-xs btn-primary btn-locate-highlight\" data-qnumber=\"8\" onclick=\"scrollToHighlight(1)\"><i class=\"fa fa-map-marker\" aria-hidden=\"true\"></i>&nbsp;Locate</a><a class=\"btn btn-xs btn-info btn-show-keywords\" data-qnumber=\"8\" data-toggle=\"collapse\" href=\"#keywordArea-8\" aria-expanded=\"false\" aria-controls=\"keywordArea-8\" onclick=\"showKeywords(8)\"><i class=\"fa fa-key\" aria-hidden=\"true\"></i>&nbsp;Keywords</a><a class=\"btn btn-xs btn-warning btn-show-comments\" data-qnumber=\"8\" data-toggle=\"collapse\" href=\"#commentArea-8\" aria-expanded=\"false\" aria-controls=\"commentArea-8\" onclick=\"showComments(8)\"><i class=\"fa fa-question\" aria-hidden=\"true\"></i>&nbsp;Comments</a><div class=\"collapse collage-keywords collapse-custom\" id=\"keywordArea-8\"> <div class=\"card card-block keywords-area\">ea proident.</div></div><div class=\"collapse collage-comments collapse-custom\" id=\"commentArea-8\"> <div class=\"card card-block comments-area\">ea proident.</div></div></div>\n\n<p><span class=\"label-input key-label\"><strong>2</strong></span> <input class=\"question-quiz question-input question-2 last-option\" data-qnumber=\"9\" name=\"question-2\" onclick=\"bitest(this)\" type=\"text\" disabled=\"disabled\"></p><div class=\"explain-area\"><span><strong>Answer 2: V</strong></span><a class=\"btn btn-xs btn-primary btn-locate-highlight\" data-qnumber=\"9\" onclick=\"scrollToHighlight(2)\"><i class=\"fa fa-map-marker\" aria-hidden=\"true\"></i>&nbsp;Locate</a><a class=\"btn btn-xs btn-info btn-show-keywords\" data-qnumber=\"9\" data-toggle=\"collapse\" href=\"#keywordArea-9\" aria-expanded=\"false\" aria-controls=\"keywordArea-9\" onclick=\"showKeywords(9)\"><i class=\"fa fa-key\" aria-hidden=\"true\"></i>&nbsp;Keywords</a><a class=\"btn btn-xs btn-warning btn-show-comments\" data-qnumber=\"9\" data-toggle=\"collapse\" href=\"#commentArea-9\" aria-expanded=\"false\" aria-controls=\"commentArea-9\" onclick=\"showComments(9)\"><i class=\"fa fa-question\" aria-hidden=\"true\"></i>&nbsp;Comments</a><div class=\"collapse collage-keywords collapse-custom\" id=\"keywordArea-9\"> <div class=\"card card-block keywords-area\">ea proident.</div></div><div class=\"collapse collage-comments collapse-custom\" id=\"commentArea-9\"> <div class=\"card card-block comments-area\">ea proident.</div></div></div>\n\n<p><span class=\"label-input key-label\"><strong>4</strong></span> <input class=\"question-quiz question-input question-4 last-option\" data-qnumber=\"11\" name=\"question-4\" onclick=\"bitest(this)\" type=\"text\" disabled=\"disabled\"></p><div class=\"explain-area\"><span><strong>Answer 4: ád</strong></span><a class=\"btn btn-xs btn-primary btn-locate-highlight\" data-qnumber=\"11\" onclick=\"scrollToHighlight(4)\"><i class=\"fa fa-map-marker\" aria-hidden=\"true\"></i>&nbsp;Locate</a><a class=\"btn btn-xs btn-info btn-show-keywords\" data-qnumber=\"11\" data-toggle=\"collapse\" href=\"#keywordArea-11\" aria-expanded=\"false\" aria-controls=\"keywordArea-11\" onclick=\"showKeywords(11)\"><i class=\"fa fa-key\" aria-hidden=\"true\"></i>&nbsp;Keywords</a><a class=\"btn btn-xs btn-warning btn-show-comments\" data-qnumber=\"11\" data-toggle=\"collapse\" href=\"#commentArea-11\" aria-expanded=\"false\" aria-controls=\"commentArea-11\" onclick=\"showComments(11)\"><i class=\"fa fa-question\" aria-hidden=\"true\"></i>&nbsp;Comments</a><div class=\"collapse collage-keywords collapse-custom\" id=\"keywordArea-11\"> <div class=\"card card-block keywords-area\">ea proident.</div></div><div class=\"collapse collage-comments collapse-custom\" id=\"commentArea-11\"> <div class=\"card card-block comments-area\">ea proident.</div></div></div>\n\n<p><span class=\"label-input key-label\"><strong>3</strong></span> <input class=\"question-quiz question-input question-3 last-option\" data-qnumber=\"10\" name=\"question-3\" onclick=\"bitest(this)\" type=\"text\" disabled=\"disabled\"></p><div class=\"explain-area\"><span><strong>Answer 3: 3a</strong></span><a class=\"btn btn-xs btn-primary btn-locate-highlight\" data-qnumber=\"10\" onclick=\"scrollToHighlight(3)\"><i class=\"fa fa-map-marker\" aria-hidden=\"true\"></i>&nbsp;Locate</a><a class=\"btn btn-xs btn-info btn-show-keywords\" data-qnumber=\"10\" data-toggle=\"collapse\" href=\"#keywordArea-10\" aria-expanded=\"false\" aria-controls=\"keywordArea-10\" onclick=\"showKeywords(10)\"><i class=\"fa fa-key\" aria-hidden=\"true\"></i>&nbsp;Keywords</a><a class=\"btn btn-xs btn-warning btn-show-comments\" data-qnumber=\"10\" data-toggle=\"collapse\" href=\"#commentArea-10\" aria-expanded=\"false\" aria-controls=\"commentArea-10\" onclick=\"showComments(10)\"><i class=\"fa fa-question\" aria-hidden=\"true\"></i>&nbsp;Comments</a><div class=\"collapse collage-keywords collapse-custom\" id=\"keywordArea-10\"> <div class=\"card card-block keywords-area\">ea proident.</div></div><div class=\"collapse collage-comments collapse-custom\" id=\"commentArea-10\"> <div class=\"card card-block comments-area\">ea proident.</div></div></div>\n\n<p><span class=\"label-input key-label\"><strong>6</strong></span> <input class=\"question-quiz question-input question-6 last-option\" data-qnumber=\"12\" name=\"question-6\" onclick=\"bitest(this)\" type=\"text\" disabled=\"disabled\"></p><div class=\"explain-area\"><span><strong>Answer 6: df</strong></span><a class=\"btn btn-xs btn-primary btn-locate-highlight\" data-qnumber=\"12\" onclick=\"scrollToHighlight(6)\"><i class=\"fa fa-map-marker\" aria-hidden=\"true\"></i>&nbsp;Locate</a><a class=\"btn btn-xs btn-info btn-show-keywords\" data-qnumber=\"12\" data-toggle=\"collapse\" href=\"#keywordArea-12\" aria-expanded=\"false\" aria-controls=\"keywordArea-12\" onclick=\"showKeywords(12)\"><i class=\"fa fa-key\" aria-hidden=\"true\"></i>&nbsp;Keywords</a><a class=\"btn btn-xs btn-warning btn-show-comments\" data-qnumber=\"12\" data-toggle=\"collapse\" href=\"#commentArea-12\" aria-expanded=\"false\" aria-controls=\"commentArea-12\" onclick=\"showComments(12)\"><i class=\"fa fa-question\" aria-hidden=\"true\"></i>&nbsp;Comments</a><div class=\"collapse collage-keywords collapse-custom\" id=\"keywordArea-12\"> <div class=\"card card-block keywords-area\">ea proident.</div></div><div class=\"collapse collage-comments collapse-custom\" id=\"commentArea-12\"> <div class=\"card card-block comments-area\">ea proident.</div></div></div>\n\n<p><span class=\"label-input key-label\"><strong>5</strong></span> <input class=\"question-quiz question-input question-5 last-option\" data-qnumber=\"13\" name=\"question-5\" onclick=\"bitest(this)\" type=\"text\" disabled=\"disabled\"></p><div class=\"explain-area\"><span><strong>Answer 5: dsa</strong></span><a class=\"btn btn-xs btn-primary btn-locate-highlight\" data-qnumber=\"13\" onclick=\"scrollToHighlight(5)\"><i class=\"fa fa-map-marker\" aria-hidden=\"true\"></i>&nbsp;Locate</a><a class=\"btn btn-xs btn-info btn-show-keywords\" data-qnumber=\"13\" data-toggle=\"collapse\" href=\"#keywordArea-13\" aria-expanded=\"false\" aria-controls=\"keywordArea-13\" onclick=\"showKeywords(13)\"><i class=\"fa fa-key\" aria-hidden=\"true\"></i>&nbsp;Keywords</a><a class=\"btn btn-xs btn-warning btn-show-comments\" data-qnumber=\"13\" data-toggle=\"collapse\" href=\"#commentArea-13\" aria-expanded=\"false\" aria-controls=\"commentArea-13\" onclick=\"showComments(13)\"><i class=\"fa fa-question\" aria-hidden=\"true\"></i>&nbsp;Comments</a><div class=\"collapse collage-keywords collapse-custom\" id=\"keywordArea-13\"> <div class=\"card card-block keywords-area\">ea proident.</div></div><div class=\"collapse collage-comments collapse-custom\" id=\"commentArea-13\"> <div class=\"card card-block comments-area\">ea proident.</div></div></div>\n', 6, 2, 0, 1, '2017-07-24 03:34:16', '2017-07-24 03:34:16'),
(11, 11, '<p><span class=\"label-input key-label\"><strong>1</strong></span> <input class=\"question-quiz question-input question-1 last-option\" data-qnumber=\"11\" name=\"question-1\" onclick=\"bitest(this)\" type=\"text\" /></p>\n\n<p><span class=\"label-input key-label\"><strong>2</strong></span> <input class=\"question-quiz question-input question-2 last-option\" data-qnumber=\"12\" name=\"question-2\" onclick=\"bitest(this)\" type=\"text\" /><br />\n<span class=\"label-input key-label\"><strong>3</strong></span> <input class=\"question-quiz question-input question-3 last-option\" data-qnumber=\"13\" name=\"question-3\" onclick=\"bitest(this)\" type=\"text\" /></p>\n\n<p><span class=\"label-input key-label\"><strong>4</strong></span> <input class=\"question-quiz question-input question-4 last-option\" data-qnumber=\"14\" name=\"question-4\" onclick=\"bitest(this)\" type=\"text\" /></p>\n\n<p><span class=\"label-input key-label\"><strong>5</strong></span> <input class=\"question-quiz question-input question-5 last-option\" data-qnumber=\"15\" name=\"question-5\" onclick=\"bitest(this)\" type=\"text\" /></p>\n\n<p><span class=\"label-input key-label\"><strong>6</strong></span> <input class=\"question-quiz question-input question-6 last-option\" data-qnumber=\"16\" name=\"question-6\" onclick=\"bitest(this)\" type=\"text\" />Content Post is here!</p>\n', '<p><span class=\"label-input key-label\"><strong>1</strong></span> <input class=\"question-quiz question-input question-1 last-option\" data-qnumber=\"11\" name=\"question-1\" onclick=\"bitest(this)\" type=\"text\" disabled=\"disabled\"></p><div class=\"explain-area\"><span><strong>Answer 1: A</strong></span><a class=\"btn btn-xs btn-primary btn-locate-highlight\" data-qnumber=\"11\" onclick=\"scrollToHighlight(1)\"><i class=\"fa fa-map-marker\" aria-hidden=\"true\"></i>&nbsp;Locate</a><a class=\"btn btn-xs btn-info btn-show-keywords\" data-qnumber=\"11\" data-toggle=\"collapse\" href=\"#keywordArea-11\" aria-expanded=\"false\" aria-controls=\"keywordArea-11\" onclick=\"showKeywords(11)\"><i class=\"fa fa-key\" aria-hidden=\"true\"></i>&nbsp;Keywords</a><a class=\"btn btn-xs btn-warning btn-show-comments\" data-qnumber=\"11\" data-toggle=\"collapse\" href=\"#commentArea-11\" aria-expanded=\"false\" aria-controls=\"commentArea-11\" onclick=\"showComments(11)\"><i class=\"fa fa-question\" aria-hidden=\"true\"></i>&nbsp;Comments</a><div class=\"collapse collage-keywords collapse-custom\" id=\"keywordArea-11\"> <div class=\"card card-block keywords-area\">ea proident.</div></div><div class=\"collapse collage-comments collapse-custom\" id=\"commentArea-11\"> <div class=\"card card-block comments-area\">ea proident.</div></div></div>\n\n<p><span class=\"label-input key-label\"><strong>2</strong></span> <input class=\"question-quiz question-input question-2 last-option\" data-qnumber=\"12\" name=\"question-2\" onclick=\"bitest(this)\" type=\"text\" disabled=\"disabled\"><br>\n<span class=\"label-input key-label\"><strong>3</strong></span> <input class=\"question-quiz question-input question-3 last-option\" data-qnumber=\"13\" name=\"question-3\" onclick=\"bitest(this)\" type=\"text\" disabled=\"disabled\"></p><div class=\"explain-area\"><span><strong>Answer 3: C</strong></span><a class=\"btn btn-xs btn-primary btn-locate-highlight\" data-qnumber=\"13\" onclick=\"scrollToHighlight(3)\"><i class=\"fa fa-map-marker\" aria-hidden=\"true\"></i>&nbsp;Locate</a><a class=\"btn btn-xs btn-info btn-show-keywords\" data-qnumber=\"13\" data-toggle=\"collapse\" href=\"#keywordArea-13\" aria-expanded=\"false\" aria-controls=\"keywordArea-13\" onclick=\"showKeywords(13)\"><i class=\"fa fa-key\" aria-hidden=\"true\"></i>&nbsp;Keywords</a><a class=\"btn btn-xs btn-warning btn-show-comments\" data-qnumber=\"13\" data-toggle=\"collapse\" href=\"#commentArea-13\" aria-expanded=\"false\" aria-controls=\"commentArea-13\" onclick=\"showComments(13)\"><i class=\"fa fa-question\" aria-hidden=\"true\"></i>&nbsp;Comments</a><div class=\"collapse collage-keywords collapse-custom\" id=\"keywordArea-13\"> <div class=\"card card-block keywords-area\">ea proident.</div></div><div class=\"collapse collage-comments collapse-custom\" id=\"commentArea-13\"> <div class=\"card card-block comments-area\">ea proident.</div></div></div><div class=\"explain-area\"><span><strong>Answer 2: B</strong></span><a class=\"btn btn-xs btn-primary btn-locate-highlight\" data-qnumber=\"12\" onclick=\"scrollToHighlight(2)\"><i class=\"fa fa-map-marker\" aria-hidden=\"true\"></i>&nbsp;Locate</a><a class=\"btn btn-xs btn-info btn-show-keywords\" data-qnumber=\"12\" data-toggle=\"collapse\" href=\"#keywordArea-12\" aria-expanded=\"false\" aria-controls=\"keywordArea-12\" onclick=\"showKeywords(12)\"><i class=\"fa fa-key\" aria-hidden=\"true\"></i>&nbsp;Keywords</a><a class=\"btn btn-xs btn-warning btn-show-comments\" data-qnumber=\"12\" data-toggle=\"collapse\" href=\"#commentArea-12\" aria-expanded=\"false\" aria-controls=\"commentArea-12\" onclick=\"showComments(12)\"><i class=\"fa fa-question\" aria-hidden=\"true\"></i>&nbsp;Comments</a><div class=\"collapse collage-keywords collapse-custom\" id=\"keywordArea-12\"> <div class=\"card card-block keywords-area\">ea proident.</div></div><div class=\"collapse collage-comments collapse-custom\" id=\"commentArea-12\"> <div class=\"card card-block comments-area\">ea proident.</div></div></div>\n\n<p><span class=\"label-input key-label\"><strong>4</strong></span> <input class=\"question-quiz question-input question-4 last-option\" data-qnumber=\"14\" name=\"question-4\" onclick=\"bitest(this)\" type=\"text\" disabled=\"disabled\"></p><div class=\"explain-area\"><span><strong>Answer 4: D</strong></span><a class=\"btn btn-xs btn-primary btn-locate-highlight\" data-qnumber=\"14\" onclick=\"scrollToHighlight(4)\"><i class=\"fa fa-map-marker\" aria-hidden=\"true\"></i>&nbsp;Locate</a><a class=\"btn btn-xs btn-info btn-show-keywords\" data-qnumber=\"14\" data-toggle=\"collapse\" href=\"#keywordArea-14\" aria-expanded=\"false\" aria-controls=\"keywordArea-14\" onclick=\"showKeywords(14)\"><i class=\"fa fa-key\" aria-hidden=\"true\"></i>&nbsp;Keywords</a><a class=\"btn btn-xs btn-warning btn-show-comments\" data-qnumber=\"14\" data-toggle=\"collapse\" href=\"#commentArea-14\" aria-expanded=\"false\" aria-controls=\"commentArea-14\" onclick=\"showComments(14)\"><i class=\"fa fa-question\" aria-hidden=\"true\"></i>&nbsp;Comments</a><div class=\"collapse collage-keywords collapse-custom\" id=\"keywordArea-14\"> <div class=\"card card-block keywords-area\">ea proident.</div></div><div class=\"collapse collage-comments collapse-custom\" id=\"commentArea-14\"> <div class=\"card card-block comments-area\">ea proident.</div></div></div>\n\n<p><span class=\"label-input key-label\"><strong>5</strong></span> <input class=\"question-quiz question-input question-5 last-option\" data-qnumber=\"15\" name=\"question-5\" onclick=\"bitest(this)\" type=\"text\" disabled=\"disabled\"></p><div class=\"explain-area\"><span><strong>Answer 5: D</strong></span><a class=\"btn btn-xs btn-primary btn-locate-highlight\" data-qnumber=\"15\" onclick=\"scrollToHighlight(5)\"><i class=\"fa fa-map-marker\" aria-hidden=\"true\"></i>&nbsp;Locate</a><a class=\"btn btn-xs btn-info btn-show-keywords\" data-qnumber=\"15\" data-toggle=\"collapse\" href=\"#keywordArea-15\" aria-expanded=\"false\" aria-controls=\"keywordArea-15\" onclick=\"showKeywords(15)\"><i class=\"fa fa-key\" aria-hidden=\"true\"></i>&nbsp;Keywords</a><a class=\"btn btn-xs btn-warning btn-show-comments\" data-qnumber=\"15\" data-toggle=\"collapse\" href=\"#commentArea-15\" aria-expanded=\"false\" aria-controls=\"commentArea-15\" onclick=\"showComments(15)\"><i class=\"fa fa-question\" aria-hidden=\"true\"></i>&nbsp;Comments</a><div class=\"collapse collage-keywords collapse-custom\" id=\"keywordArea-15\"> <div class=\"card card-block keywords-area\">ea proident.</div></div><div class=\"collapse collage-comments collapse-custom\" id=\"commentArea-15\"> <div class=\"card card-block comments-area\">ea proident.</div></div></div>\n\n<p><span class=\"label-input key-label\"><strong>6</strong></span> <input class=\"question-quiz question-input question-6 last-option\" data-qnumber=\"16\" name=\"question-6\" onclick=\"bitest(this)\" type=\"text\" disabled=\"disabled\">Content Post is here!</p><div class=\"explain-area\"><span><strong>Answer 6: ca</strong></span><a class=\"btn btn-xs btn-primary btn-locate-highlight\" data-qnumber=\"16\" onclick=\"scrollToHighlight(6)\"><i class=\"fa fa-map-marker\" aria-hidden=\"true\"></i>&nbsp;Locate</a><a class=\"btn btn-xs btn-info btn-show-keywords\" data-qnumber=\"16\" data-toggle=\"collapse\" href=\"#keywordArea-16\" aria-expanded=\"false\" aria-controls=\"keywordArea-16\" onclick=\"showKeywords(16)\"><i class=\"fa fa-key\" aria-hidden=\"true\"></i>&nbsp;Keywords</a><a class=\"btn btn-xs btn-warning btn-show-comments\" data-qnumber=\"16\" data-toggle=\"collapse\" href=\"#commentArea-16\" aria-expanded=\"false\" aria-controls=\"commentArea-16\" onclick=\"showComments(16)\"><i class=\"fa fa-question\" aria-hidden=\"true\"></i>&nbsp;Comments</a><div class=\"collapse collage-keywords collapse-custom\" id=\"keywordArea-16\"> <div class=\"card card-block keywords-area\">ea proident.</div></div><div class=\"collapse collage-comments collapse-custom\" id=\"commentArea-16\"> <div class=\"card card-block comments-area\">ea proident.</div></div></div>\n', 6, 2, 0, 1, '2017-07-24 03:35:25', '2017-07-24 03:35:25'),
(12, 12, '<p><span class=\"label-input key-label\"><strong>1</strong></span> <input class=\"question-quiz question-input question-1 last-option\" data-qnumber=\"11\" name=\"question-1\" onclick=\"bitest(this)\" type=\"text\" /></p>\n\n<p><span class=\"label-input key-label\"><strong>2</strong></span> <input class=\"question-quiz question-input question-2 last-option\" data-qnumber=\"12\" name=\"question-2\" onclick=\"bitest(this)\" type=\"text\" /><br />\n<span class=\"label-input key-label\"><strong>3</strong></span> <input class=\"question-quiz question-input question-3 last-option\" data-qnumber=\"13\" name=\"question-3\" onclick=\"bitest(this)\" type=\"text\" /></p>\n\n<p><span class=\"label-input key-label\"><strong>4</strong></span> <input class=\"question-quiz question-input question-4 last-option\" data-qnumber=\"14\" name=\"question-4\" onclick=\"bitest(this)\" type=\"text\" /></p>\n\n<p><span class=\"label-input key-label\"><strong>5</strong></span> <input class=\"question-quiz question-input question-5 last-option\" data-qnumber=\"15\" name=\"question-5\" onclick=\"bitest(this)\" type=\"text\" /></p>\n\n<p><span class=\"label-input key-label\"><strong>6</strong></span> <input class=\"question-quiz question-input question-6 last-option\" data-qnumber=\"16\" name=\"question-6\" onclick=\"bitest(this)\" type=\"text\" />Content Post is here!</p>\n', '<p><span class=\"label-input key-label\"><strong>1</strong></span> <input class=\"question-quiz question-input question-1 last-option\" data-qnumber=\"11\" name=\"question-1\" onclick=\"bitest(this)\" type=\"text\" disabled=\"disabled\"></p><div class=\"explain-area\"><span><strong>Answer 1: A</strong></span><a class=\"btn btn-xs btn-primary btn-locate-highlight\" data-qnumber=\"11\" onclick=\"scrollToHighlight(1)\"><i class=\"fa fa-map-marker\" aria-hidden=\"true\"></i>&nbsp;Locate</a><a class=\"btn btn-xs btn-info btn-show-keywords\" data-qnumber=\"11\" data-toggle=\"collapse\" href=\"#keywordArea-11\" aria-expanded=\"false\" aria-controls=\"keywordArea-11\" onclick=\"showKeywords(11)\"><i class=\"fa fa-key\" aria-hidden=\"true\"></i>&nbsp;Keywords</a><a class=\"btn btn-xs btn-warning btn-show-comments\" data-qnumber=\"11\" data-toggle=\"collapse\" href=\"#commentArea-11\" aria-expanded=\"false\" aria-controls=\"commentArea-11\" onclick=\"showComments(11)\"><i class=\"fa fa-question\" aria-hidden=\"true\"></i>&nbsp;Comments</a><div class=\"collapse collage-keywords collapse-custom\" id=\"keywordArea-11\"> <div class=\"card card-block keywords-area\">ea proident.</div></div><div class=\"collapse collage-comments collapse-custom\" id=\"commentArea-11\"> <div class=\"card card-block comments-area\">ea proident.</div></div></div>\n\n<p><span class=\"label-input key-label\"><strong>2</strong></span> <input class=\"question-quiz question-input question-2 last-option\" data-qnumber=\"12\" name=\"question-2\" onclick=\"bitest(this)\" type=\"text\" disabled=\"disabled\"><br>\n<span class=\"label-input key-label\"><strong>3</strong></span> <input class=\"question-quiz question-input question-3 last-option\" data-qnumber=\"13\" name=\"question-3\" onclick=\"bitest(this)\" type=\"text\" disabled=\"disabled\"></p><div class=\"explain-area\"><span><strong>Answer 3: C</strong></span><a class=\"btn btn-xs btn-primary btn-locate-highlight\" data-qnumber=\"13\" onclick=\"scrollToHighlight(3)\"><i class=\"fa fa-map-marker\" aria-hidden=\"true\"></i>&nbsp;Locate</a><a class=\"btn btn-xs btn-info btn-show-keywords\" data-qnumber=\"13\" data-toggle=\"collapse\" href=\"#keywordArea-13\" aria-expanded=\"false\" aria-controls=\"keywordArea-13\" onclick=\"showKeywords(13)\"><i class=\"fa fa-key\" aria-hidden=\"true\"></i>&nbsp;Keywords</a><a class=\"btn btn-xs btn-warning btn-show-comments\" data-qnumber=\"13\" data-toggle=\"collapse\" href=\"#commentArea-13\" aria-expanded=\"false\" aria-controls=\"commentArea-13\" onclick=\"showComments(13)\"><i class=\"fa fa-question\" aria-hidden=\"true\"></i>&nbsp;Comments</a><div class=\"collapse collage-keywords collapse-custom\" id=\"keywordArea-13\"> <div class=\"card card-block keywords-area\">ea proident.</div></div><div class=\"collapse collage-comments collapse-custom\" id=\"commentArea-13\"> <div class=\"card card-block comments-area\">ea proident.</div></div></div><div class=\"explain-area\"><span><strong>Answer 2: B</strong></span><a class=\"btn btn-xs btn-primary btn-locate-highlight\" data-qnumber=\"12\" onclick=\"scrollToHighlight(2)\"><i class=\"fa fa-map-marker\" aria-hidden=\"true\"></i>&nbsp;Locate</a><a class=\"btn btn-xs btn-info btn-show-keywords\" data-qnumber=\"12\" data-toggle=\"collapse\" href=\"#keywordArea-12\" aria-expanded=\"false\" aria-controls=\"keywordArea-12\" onclick=\"showKeywords(12)\"><i class=\"fa fa-key\" aria-hidden=\"true\"></i>&nbsp;Keywords</a><a class=\"btn btn-xs btn-warning btn-show-comments\" data-qnumber=\"12\" data-toggle=\"collapse\" href=\"#commentArea-12\" aria-expanded=\"false\" aria-controls=\"commentArea-12\" onclick=\"showComments(12)\"><i class=\"fa fa-question\" aria-hidden=\"true\"></i>&nbsp;Comments</a><div class=\"collapse collage-keywords collapse-custom\" id=\"keywordArea-12\"> <div class=\"card card-block keywords-area\">ea proident.</div></div><div class=\"collapse collage-comments collapse-custom\" id=\"commentArea-12\"> <div class=\"card card-block comments-area\">ea proident.</div></div></div>\n\n<p><span class=\"label-input key-label\"><strong>4</strong></span> <input class=\"question-quiz question-input question-4 last-option\" data-qnumber=\"14\" name=\"question-4\" onclick=\"bitest(this)\" type=\"text\" disabled=\"disabled\"></p><div class=\"explain-area\"><span><strong>Answer 4: D</strong></span><a class=\"btn btn-xs btn-primary btn-locate-highlight\" data-qnumber=\"14\" onclick=\"scrollToHighlight(4)\"><i class=\"fa fa-map-marker\" aria-hidden=\"true\"></i>&nbsp;Locate</a><a class=\"btn btn-xs btn-info btn-show-keywords\" data-qnumber=\"14\" data-toggle=\"collapse\" href=\"#keywordArea-14\" aria-expanded=\"false\" aria-controls=\"keywordArea-14\" onclick=\"showKeywords(14)\"><i class=\"fa fa-key\" aria-hidden=\"true\"></i>&nbsp;Keywords</a><a class=\"btn btn-xs btn-warning btn-show-comments\" data-qnumber=\"14\" data-toggle=\"collapse\" href=\"#commentArea-14\" aria-expanded=\"false\" aria-controls=\"commentArea-14\" onclick=\"showComments(14)\"><i class=\"fa fa-question\" aria-hidden=\"true\"></i>&nbsp;Comments</a><div class=\"collapse collage-keywords collapse-custom\" id=\"keywordArea-14\"> <div class=\"card card-block keywords-area\">ea proident.</div></div><div class=\"collapse collage-comments collapse-custom\" id=\"commentArea-14\"> <div class=\"card card-block comments-area\">ea proident.</div></div></div>\n\n<p><span class=\"label-input key-label\"><strong>5</strong></span> <input class=\"question-quiz question-input question-5 last-option\" data-qnumber=\"15\" name=\"question-5\" onclick=\"bitest(this)\" type=\"text\" disabled=\"disabled\"></p><div class=\"explain-area\"><span><strong>Answer 5: D</strong></span><a class=\"btn btn-xs btn-primary btn-locate-highlight\" data-qnumber=\"15\" onclick=\"scrollToHighlight(5)\"><i class=\"fa fa-map-marker\" aria-hidden=\"true\"></i>&nbsp;Locate</a><a class=\"btn btn-xs btn-info btn-show-keywords\" data-qnumber=\"15\" data-toggle=\"collapse\" href=\"#keywordArea-15\" aria-expanded=\"false\" aria-controls=\"keywordArea-15\" onclick=\"showKeywords(15)\"><i class=\"fa fa-key\" aria-hidden=\"true\"></i>&nbsp;Keywords</a><a class=\"btn btn-xs btn-warning btn-show-comments\" data-qnumber=\"15\" data-toggle=\"collapse\" href=\"#commentArea-15\" aria-expanded=\"false\" aria-controls=\"commentArea-15\" onclick=\"showComments(15)\"><i class=\"fa fa-question\" aria-hidden=\"true\"></i>&nbsp;Comments</a><div class=\"collapse collage-keywords collapse-custom\" id=\"keywordArea-15\"> <div class=\"card card-block keywords-area\">ea proident.</div></div><div class=\"collapse collage-comments collapse-custom\" id=\"commentArea-15\"> <div class=\"card card-block comments-area\">ea proident.</div></div></div>\n\n<p><span class=\"label-input key-label\"><strong>6</strong></span> <input class=\"question-quiz question-input question-6 last-option\" data-qnumber=\"16\" name=\"question-6\" onclick=\"bitest(this)\" type=\"text\" disabled=\"disabled\">Content Post is here!</p><div class=\"explain-area\"><span><strong>Answer 6: ca</strong></span><a class=\"btn btn-xs btn-primary btn-locate-highlight\" data-qnumber=\"16\" onclick=\"scrollToHighlight(6)\"><i class=\"fa fa-map-marker\" aria-hidden=\"true\"></i>&nbsp;Locate</a><a class=\"btn btn-xs btn-info btn-show-keywords\" data-qnumber=\"16\" data-toggle=\"collapse\" href=\"#keywordArea-16\" aria-expanded=\"false\" aria-controls=\"keywordArea-16\" onclick=\"showKeywords(16)\"><i class=\"fa fa-key\" aria-hidden=\"true\"></i>&nbsp;Keywords</a><a class=\"btn btn-xs btn-warning btn-show-comments\" data-qnumber=\"16\" data-toggle=\"collapse\" href=\"#commentArea-16\" aria-expanded=\"false\" aria-controls=\"commentArea-16\" onclick=\"showComments(16)\"><i class=\"fa fa-question\" aria-hidden=\"true\"></i>&nbsp;Comments</a><div class=\"collapse collage-keywords collapse-custom\" id=\"keywordArea-16\"> <div class=\"card card-block keywords-area\">ea proident.</div></div><div class=\"collapse collage-comments collapse-custom\" id=\"commentArea-16\"> <div class=\"card card-block comments-area\">ea proident.</div></div></div>\n', 6, 2, 0, 1, '2017-07-24 03:38:17', '2017-07-24 03:38:17'),
(14, 14, '<p>Content Post is here!<span class=\"label-input key-label\"><strong>1</strong></span> <input class=\"question-quiz question-input question-1 last-option\" data-qnumber=\"27\" name=\"question-1\" onclick=\"bitest(this)\" type=\"text\" /></p>\n\n<p><span class=\"label-input key-label\"><strong>2</strong></span> <input class=\"question-quiz question-input question-2 last-option\" data-qnumber=\"28\" name=\"question-2\" onclick=\"bitest(this)\" type=\"text\" /></p>\n\n<p><span class=\"label-input key-label\"><strong>3</strong></span> <input class=\"question-quiz question-input question-3 last-option\" data-qnumber=\"29\" name=\"question-3\" onclick=\"bitest(this)\" type=\"text\" /></p>\n\n<p>&nbsp;</p>\n', '<p>Content Post is here!<span class=\"label-input key-label\"><strong>1</strong></span> <input class=\"question-quiz question-input question-1 last-option\" data-qnumber=\"27\" name=\"question-1\" onclick=\"bitest(this)\" type=\"text\" disabled=\"disabled\"></p><div class=\"explain-area\"><span><strong>Answer 1: asd</strong></span><a class=\"btn btn-xs btn-primary btn-locate-highlight\" data-qnumber=\"27\" onclick=\"scrollToHighlight(1)\"><i class=\"fa fa-map-marker\" aria-hidden=\"true\"></i>&nbsp;Locate</a><a class=\"btn btn-xs btn-info btn-show-keywords\" data-qnumber=\"27\" data-toggle=\"collapse\" href=\"#keywordArea-27\" aria-expanded=\"false\" aria-controls=\"keywordArea-27\" onclick=\"showKeywords(27)\"><i class=\"fa fa-key\" aria-hidden=\"true\"></i>&nbsp;Keywords</a><a class=\"btn btn-xs btn-warning btn-show-comments\" data-qnumber=\"27\" data-toggle=\"collapse\" href=\"#commentArea-27\" aria-expanded=\"false\" aria-controls=\"commentArea-27\" onclick=\"showComments(27)\"><i class=\"fa fa-question\" aria-hidden=\"true\"></i>&nbsp;Comments</a><div class=\"collapse collage-keywords collapse-custom\" id=\"keywordArea-27\"> <div class=\"card card-block keywords-area\">ea proident.</div></div><div class=\"collapse collage-comments collapse-custom\" id=\"commentArea-27\"> <div class=\"card card-block comments-area\">ea proident.</div></div></div>\n\n<p><span class=\"label-input key-label\"><strong>2</strong></span> <input class=\"question-quiz question-input question-2 last-option\" data-qnumber=\"28\" name=\"question-2\" onclick=\"bitest(this)\" type=\"text\" disabled=\"disabled\"></p><div class=\"explain-area\"><span><strong>Answer 2: fd</strong></span><a class=\"btn btn-xs btn-primary btn-locate-highlight\" data-qnumber=\"28\" onclick=\"scrollToHighlight(2)\"><i class=\"fa fa-map-marker\" aria-hidden=\"true\"></i>&nbsp;Locate</a><a class=\"btn btn-xs btn-info btn-show-keywords\" data-qnumber=\"28\" data-toggle=\"collapse\" href=\"#keywordArea-28\" aria-expanded=\"false\" aria-controls=\"keywordArea-28\" onclick=\"showKeywords(28)\"><i class=\"fa fa-key\" aria-hidden=\"true\"></i>&nbsp;Keywords</a><a class=\"btn btn-xs btn-warning btn-show-comments\" data-qnumber=\"28\" data-toggle=\"collapse\" href=\"#commentArea-28\" aria-expanded=\"false\" aria-controls=\"commentArea-28\" onclick=\"showComments(28)\"><i class=\"fa fa-question\" aria-hidden=\"true\"></i>&nbsp;Comments</a><div class=\"collapse collage-keywords collapse-custom\" id=\"keywordArea-28\"> <div class=\"card card-block keywords-area\">ea proident.</div></div><div class=\"collapse collage-comments collapse-custom\" id=\"commentArea-28\"> <div class=\"card card-block comments-area\">ea proident.</div></div></div>\n\n<p><span class=\"label-input key-label\"><strong>3</strong></span> <input class=\"question-quiz question-input question-3 last-option\" data-qnumber=\"29\" name=\"question-3\" onclick=\"bitest(this)\" type=\"text\" disabled=\"disabled\"></p><div class=\"explain-area\"><span><strong>Answer 3: fd</strong></span><a class=\"btn btn-xs btn-primary btn-locate-highlight\" data-qnumber=\"29\" onclick=\"scrollToHighlight(3)\"><i class=\"fa fa-map-marker\" aria-hidden=\"true\"></i>&nbsp;Locate</a><a class=\"btn btn-xs btn-info btn-show-keywords\" data-qnumber=\"29\" data-toggle=\"collapse\" href=\"#keywordArea-29\" aria-expanded=\"false\" aria-controls=\"keywordArea-29\" onclick=\"showKeywords(29)\"><i class=\"fa fa-key\" aria-hidden=\"true\"></i>&nbsp;Keywords</a><a class=\"btn btn-xs btn-warning btn-show-comments\" data-qnumber=\"29\" data-toggle=\"collapse\" href=\"#commentArea-29\" aria-expanded=\"false\" aria-controls=\"commentArea-29\" onclick=\"showComments(29)\"><i class=\"fa fa-question\" aria-hidden=\"true\"></i>&nbsp;Comments</a><div class=\"collapse collage-keywords collapse-custom\" id=\"keywordArea-29\"> <div class=\"card card-block keywords-area\">ea proident.</div></div><div class=\"collapse collage-comments collapse-custom\" id=\"commentArea-29\"> <div class=\"card card-block comments-area\">ea proident.</div></div></div>\n\n<p>&nbsp;</p>\n', 3, 1, 3600, 1, '2017-07-24 04:15:08', '2017-07-24 04:15:08'),
(15, 15, '<p><span class=\"label-input key-label\"><strong>1</strong></span> <input class=\"question-quiz question-input question-1 last-option\" data-qnumber=\"30\" name=\"question-1\" onclick=\"bitest(this)\" type=\"text\" /></p>\n\n<p><span class=\"label-input key-label\"><strong>2</strong></span> <input class=\"question-quiz question-input question-2 last-option\" data-qnumber=\"31\" name=\"question-2\" onclick=\"bitest(this)\" type=\"text\" /></p>\n\n<p><span class=\"label-input key-label\"><strong>3</strong></span> <input class=\"question-quiz question-input question-3 last-option\" data-qnumber=\"32\" name=\"question-3\" onclick=\"bitest(this)\" type=\"text\" /></p>\n\n<p><span class=\"label-input key-label\"><strong>4</strong></span> <input class=\"question-quiz question-input question-4 last-option\" data-qnumber=\"33\" name=\"question-4\" onclick=\"bitest(this)\" type=\"text\" /></p>\n\n<p><span class=\"label-input key-label\"><strong>5</strong></span> <input class=\"question-quiz question-input question-5 last-option\" data-qnumber=\"34\" name=\"question-5\" onclick=\"bitest(this)\" type=\"text\" />Content Post is here!</p>\n', '<p><span class=\"label-input key-label\"><strong>1</strong></span> <input class=\"question-quiz question-input question-1 last-option\" data-qnumber=\"30\" name=\"question-1\" onclick=\"bitest(this)\" type=\"text\" disabled=\"disabled\"></p><div class=\"explain-area\"><span><strong>Answer 1: A</strong></span><a class=\"btn btn-xs btn-primary btn-locate-highlight\" data-qnumber=\"30\" onclick=\"scrollToHighlight(1)\"><i class=\"fa fa-map-marker\" aria-hidden=\"true\"></i>&nbsp;Locate</a><a class=\"btn btn-xs btn-info btn-show-keywords\" data-qnumber=\"30\" data-toggle=\"collapse\" href=\"#keywordArea-30\" aria-expanded=\"true\" aria-controls=\"keywordArea-30\" onclick=\"showKeywords(30)\"><i class=\"fa fa-key\" aria-hidden=\"true\"></i>&nbsp;Keywords</a><a class=\"btn btn-xs btn-warning btn-show-comments\" data-qnumber=\"30\" data-toggle=\"collapse\" href=\"#commentArea-30\" aria-expanded=\"true\" aria-controls=\"commentArea-30\" onclick=\"showComments(30)\"><i class=\"fa fa-question\" aria-hidden=\"true\"></i>&nbsp;Comments</a><div class=\"collage-keywords collapse-custom collapse show\" id=\"keywordArea-30\" aria-expanded=\"true\"> <div class=\"card card-header keywords-area-title\"></div><div class=\"card card-block keywords-area\"></div></div><div class=\"collage-comments collapse-custom collapse show\" id=\"commentArea-30\" aria-expanded=\"true\"> <div class=\"card card-block comments-area-title\"></div><div class=\"card card-block comments-area\"></div></div></div>\n\n<p><span class=\"label-input key-label\"><strong>2</strong></span> <input class=\"question-quiz question-input question-2 last-option\" data-qnumber=\"31\" name=\"question-2\" onclick=\"bitest(this)\" type=\"text\" disabled=\"disabled\"></p><div class=\"explain-area\"><span><strong>Answer 2: B</strong></span><a class=\"btn btn-xs btn-primary btn-locate-highlight\" data-qnumber=\"31\" onclick=\"scrollToHighlight(2)\"><i class=\"fa fa-map-marker\" aria-hidden=\"true\"></i>&nbsp;Locate</a><a class=\"btn btn-xs btn-info btn-show-keywords\" data-qnumber=\"31\" data-toggle=\"collapse\" href=\"#keywordArea-31\" aria-expanded=\"false\" aria-controls=\"keywordArea-31\" onclick=\"showKeywords(31)\"><i class=\"fa fa-key\" aria-hidden=\"true\"></i>&nbsp;Keywords</a><a class=\"btn btn-xs btn-warning btn-show-comments\" data-qnumber=\"31\" data-toggle=\"collapse\" href=\"#commentArea-31\" aria-expanded=\"false\" aria-controls=\"commentArea-31\" onclick=\"showComments(31)\"><i class=\"fa fa-question\" aria-hidden=\"true\"></i>&nbsp;Comments</a><div class=\"collapse collage-keywords collapse-custom\" id=\"keywordArea-31\"> <div class=\"card card-header keywords-area-title\"></div><div class=\"card card-block keywords-area\"></div></div><div class=\"collapse collage-comments collapse-custom\" id=\"commentArea-31\"> <div class=\"card card-block comments-area-title\"></div><div class=\"card card-block comments-area\"></div></div></div>\n\n<p><span class=\"label-input key-label\"><strong>3</strong></span> <input class=\"question-quiz question-input question-3 last-option\" data-qnumber=\"32\" name=\"question-3\" onclick=\"bitest(this)\" type=\"text\" disabled=\"disabled\"></p><div class=\"explain-area\"><span><strong>Answer 3: C</strong></span><a class=\"btn btn-xs btn-primary btn-locate-highlight\" data-qnumber=\"32\" onclick=\"scrollToHighlight(3)\"><i class=\"fa fa-map-marker\" aria-hidden=\"true\"></i>&nbsp;Locate</a><a class=\"btn btn-xs btn-info btn-show-keywords\" data-qnumber=\"32\" data-toggle=\"collapse\" href=\"#keywordArea-32\" aria-expanded=\"false\" aria-controls=\"keywordArea-32\" onclick=\"showKeywords(32)\"><i class=\"fa fa-key\" aria-hidden=\"true\"></i>&nbsp;Keywords</a><a class=\"btn btn-xs btn-warning btn-show-comments\" data-qnumber=\"32\" data-toggle=\"collapse\" href=\"#commentArea-32\" aria-expanded=\"false\" aria-controls=\"commentArea-32\" onclick=\"showComments(32)\"><i class=\"fa fa-question\" aria-hidden=\"true\"></i>&nbsp;Comments</a><div class=\"collapse collage-keywords collapse-custom\" id=\"keywordArea-32\"> <div class=\"card card-header keywords-area-title\"></div><div class=\"card card-block keywords-area\"></div></div><div class=\"collapse collage-comments collapse-custom\" id=\"commentArea-32\"> <div class=\"card card-block comments-area-title\"></div><div class=\"card card-block comments-area\"></div></div></div>\n\n<p><span class=\"label-input key-label\"><strong>4</strong></span> <input class=\"question-quiz question-input question-4 last-option\" data-qnumber=\"33\" name=\"question-4\" onclick=\"bitest(this)\" type=\"text\" disabled=\"disabled\"></p><div class=\"explain-area\"><span><strong>Answer 4: D</strong></span><a class=\"btn btn-xs btn-primary btn-locate-highlight\" data-qnumber=\"33\" onclick=\"scrollToHighlight(4)\"><i class=\"fa fa-map-marker\" aria-hidden=\"true\"></i>&nbsp;Locate</a><a class=\"btn btn-xs btn-info btn-show-keywords\" data-qnumber=\"33\" data-toggle=\"collapse\" href=\"#keywordArea-33\" aria-expanded=\"false\" aria-controls=\"keywordArea-33\" onclick=\"showKeywords(33)\"><i class=\"fa fa-key\" aria-hidden=\"true\"></i>&nbsp;Keywords</a><a class=\"btn btn-xs btn-warning btn-show-comments\" data-qnumber=\"33\" data-toggle=\"collapse\" href=\"#commentArea-33\" aria-expanded=\"false\" aria-controls=\"commentArea-33\" onclick=\"showComments(33)\"><i class=\"fa fa-question\" aria-hidden=\"true\"></i>&nbsp;Comments</a><div class=\"collapse collage-keywords collapse-custom\" id=\"keywordArea-33\"> <div class=\"card card-header keywords-area-title\"></div><div class=\"card card-block keywords-area\"></div></div><div class=\"collapse collage-comments collapse-custom\" id=\"commentArea-33\"> <div class=\"card card-block comments-area-title\"></div><div class=\"card card-block comments-area\"></div></div></div>\n\n<p><span class=\"label-input key-label\"><strong>5</strong></span> <input class=\"question-quiz question-input question-5 last-option\" data-qnumber=\"34\" name=\"question-5\" onclick=\"bitest(this)\" type=\"text\" disabled=\"disabled\">Content Post is here!</p><div class=\"explain-area\"><span><strong>Answer 5: D</strong></span><a class=\"btn btn-xs btn-primary btn-locate-highlight\" data-qnumber=\"34\" onclick=\"scrollToHighlight(5)\"><i class=\"fa fa-map-marker\" aria-hidden=\"true\"></i>&nbsp;Locate</a><a class=\"btn btn-xs btn-info btn-show-keywords\" data-qnumber=\"34\" data-toggle=\"collapse\" href=\"#keywordArea-34\" aria-expanded=\"false\" aria-controls=\"keywordArea-34\" onclick=\"showKeywords(34)\"><i class=\"fa fa-key\" aria-hidden=\"true\"></i>&nbsp;Keywords</a><a class=\"btn btn-xs btn-warning btn-show-comments\" data-qnumber=\"34\" data-toggle=\"collapse\" href=\"#commentArea-34\" aria-expanded=\"false\" aria-controls=\"commentArea-34\" onclick=\"showComments(34)\"><i class=\"fa fa-question\" aria-hidden=\"true\"></i>&nbsp;Comments</a><div class=\"collapse collage-keywords collapse-custom\" id=\"keywordArea-34\"> <div class=\"card card-header keywords-area-title\"></div><div class=\"card card-block keywords-area\"></div></div><div class=\"collapse collage-comments collapse-custom\" id=\"commentArea-34\"> <div class=\"card card-block comments-area-title\"></div><div class=\"card card-block comments-area\"></div></div></div>\n', 5, 2, 60, 1, '2017-07-28 04:21:14', '2017-07-28 04:21:14'),
(17, 17, '<p>Content Post is here!</p>\n\n<p><span class=\"label-input key-label\"><strong>1</strong></span> <input class=\"question-quiz question-input question-1 last-option\" data-qnumber=\"36\" name=\"question-1\" onclick=\"bitest(this)\" type=\"text\" /></p>\n\n<p><span class=\"label-input key-label\"><strong>2</strong></span> <input class=\"question-quiz question-input question-2 last-option\" data-qnumber=\"37\" name=\"question-2\" onclick=\"bitest(this)\" type=\"text\" /></p>\n\n<p><span class=\"label-input key-label\"><strong>3</strong></span> <input class=\"question-quiz question-input question-3 last-option\" data-qnumber=\"38\" name=\"question-3\" onclick=\"bitest(this)\" type=\"text\" /></p>\n', '<p>Content Post is here!</p>\n\n<p><span class=\"label-input key-label\"><strong>1</strong></span> <input class=\"question-quiz question-input question-1 last-option\" data-qnumber=\"36\" name=\"question-1\" onclick=\"bitest(this)\" type=\"text\"></p>\n\n<p><span class=\"label-input key-label\"><strong>2</strong></span> <input class=\"question-quiz question-input question-2 last-option\" data-qnumber=\"37\" name=\"question-2\" onclick=\"bitest(this)\" type=\"text\"></p>\n\n<p><span class=\"label-input key-label\"><strong>3</strong></span> <input class=\"question-quiz question-input question-3 last-option\" data-qnumber=\"38\" name=\"question-3\" onclick=\"bitest(this)\" type=\"text\"></p>\n', 3, 3, 0, 1, '2017-07-28 04:32:13', '2017-07-28 04:32:13'),
(18, 18, '<p><span class=\"label-input key-label\"><strong>1</strong></span> <input class=\"question-quiz question-input question-1 last-option\" data-qnumber=\"39\" name=\"question-1\" onclick=\"bitest(this)\" type=\"text\" /></p>\n\n<p><span class=\"label-input key-label\"><strong>2</strong></span> <input class=\"question-quiz question-input question-2 last-option\" data-qnumber=\"40\" name=\"question-2\" onclick=\"bitest(this)\" type=\"text\" /></p>\n\n<p><span class=\"label-input key-label\"><strong>3</strong></span> <input class=\"question-quiz question-input question-3 last-option\" data-qnumber=\"41\" name=\"question-3\" onclick=\"bitest(this)\" type=\"text\" /></p>\n\n<p>Content Post is here!</p>\n', '<p><span class=\"label-input key-label\"><strong>1</strong></span> <input class=\"question-quiz question-input question-1 last-option\" data-qnumber=\"39\" name=\"question-1\" onclick=\"bitest(this)\" type=\"text\" disabled=\"disabled\"></p><div class=\"explain-area\"><span><strong>Answer 1: A</strong></span><a class=\"btn btn-xs btn-primary btn-locate-highlight\" data-qnumber=\"39\" onclick=\"scrollToHighlight(1)\"><i class=\"fa fa-map-marker\" aria-hidden=\"true\"></i>&nbsp;Locate</a><a class=\"btn btn-xs btn-info btn-show-keywords\" data-qnumber=\"39\" data-toggle=\"collapse\" href=\"#keywordArea-39\" aria-expanded=\"false\" aria-controls=\"keywordArea-39\" onclick=\"showKeywords(39)\"><i class=\"fa fa-key\" aria-hidden=\"true\"></i>&nbsp;Keywords</a><a class=\"btn btn-xs btn-warning btn-show-comments\" data-qnumber=\"39\" data-toggle=\"collapse\" href=\"#commentArea-39\" aria-expanded=\"false\" aria-controls=\"commentArea-39\" onclick=\"showComments(39)\"><i class=\"fa fa-question\" aria-hidden=\"true\"></i>&nbsp;Comments</a><div class=\"collapse collage-keywords collapse-custom\" id=\"keywordArea-39\"> <div class=\"card card-header keywords-area-title\">KEYWORDS:</div><div class=\"card card-block keywords-area\"></div></div><div class=\"collapse collage-comments collapse-custom\" id=\"commentArea-39\"> <div class=\"card card-block comments-area-title\">QUESTION &amp; ANSWER:</div><div class=\"card card-block comments-area\"></div></div></div>\n\n<p><span class=\"label-input key-label\"><strong>2</strong></span> <input class=\"question-quiz question-input question-2 last-option\" data-qnumber=\"40\" name=\"question-2\" onclick=\"bitest(this)\" type=\"text\" disabled=\"disabled\"></p><div class=\"explain-area\"><span><strong>Answer 2: V</strong></span><a class=\"btn btn-xs btn-primary btn-locate-highlight\" data-qnumber=\"40\" onclick=\"scrollToHighlight(2)\"><i class=\"fa fa-map-marker\" aria-hidden=\"true\"></i>&nbsp;Locate</a><a class=\"btn btn-xs btn-info btn-show-keywords\" data-qnumber=\"40\" data-toggle=\"collapse\" href=\"#keywordArea-40\" aria-expanded=\"false\" aria-controls=\"keywordArea-40\" onclick=\"showKeywords(40)\"><i class=\"fa fa-key\" aria-hidden=\"true\"></i>&nbsp;Keywords</a><a class=\"btn btn-xs btn-warning btn-show-comments\" data-qnumber=\"40\" data-toggle=\"collapse\" href=\"#commentArea-40\" aria-expanded=\"false\" aria-controls=\"commentArea-40\" onclick=\"showComments(40)\"><i class=\"fa fa-question\" aria-hidden=\"true\"></i>&nbsp;Comments</a><div class=\"collapse collage-keywords collapse-custom\" id=\"keywordArea-40\"> <div class=\"card card-header keywords-area-title\">KEYWORDS:</div><div class=\"card card-block keywords-area\"></div></div><div class=\"collapse collage-comments collapse-custom\" id=\"commentArea-40\"> <div class=\"card card-block comments-area-title\">QUESTION &amp; ANSWER:</div><div class=\"card card-block comments-area\"></div></div></div>\n\n<p><span class=\"label-input key-label\"><strong>3</strong></span> <input class=\"question-quiz question-input question-3 last-option\" data-qnumber=\"41\" name=\"question-3\" onclick=\"bitest(this)\" type=\"text\" disabled=\"disabled\"></p><div class=\"explain-area\"><span><strong>Answer 3: C</strong></span><a class=\"btn btn-xs btn-primary btn-locate-highlight\" data-qnumber=\"41\" onclick=\"scrollToHighlight(3)\"><i class=\"fa fa-map-marker\" aria-hidden=\"true\"></i>&nbsp;Locate</a><a class=\"btn btn-xs btn-info btn-show-keywords\" data-qnumber=\"41\" data-toggle=\"collapse\" href=\"#keywordArea-41\" aria-expanded=\"false\" aria-controls=\"keywordArea-41\" onclick=\"showKeywords(41)\"><i class=\"fa fa-key\" aria-hidden=\"true\"></i>&nbsp;Keywords</a><a class=\"btn btn-xs btn-warning btn-show-comments\" data-qnumber=\"41\" data-toggle=\"collapse\" href=\"#commentArea-41\" aria-expanded=\"false\" aria-controls=\"commentArea-41\" onclick=\"showComments(41)\"><i class=\"fa fa-question\" aria-hidden=\"true\"></i>&nbsp;Comments</a><div class=\"collapse collage-keywords collapse-custom\" id=\"keywordArea-41\"> <div class=\"card card-header keywords-area-title\">KEYWORDS:</div><div class=\"card card-block keywords-area\"></div></div><div class=\"collapse collage-comments collapse-custom\" id=\"commentArea-41\"> <div class=\"card card-block comments-area-title\">QUESTION &amp; ANSWER:</div><div class=\"card card-block comments-area\"></div></div></div>\n\n<p>Content Post is here!</p>\n', 3, 1, 0, 1, '2017-07-28 05:17:46', '2017-07-28 05:17:46');
INSERT INTO `reading_quizzs` (`id`, `lesson_id`, `content_quiz`, `content_answer_quiz`, `total_questions`, `type_lesson`, `limit_time`, `status`, `created_at`, `updated_at`) VALUES
(19, 19, '<h2>Questions 1-8</h2>\n\n<p><em>The passage has seven sections labelled&nbsp;<strong>A-G</strong>.</em><br />\n<br />\n<em>Which section contains the following information?</em><br />\n<br />\n<em>Write the correct letter&nbsp;<strong>A-G</strong>&nbsp;in boxes&nbsp;<strong>1-8</strong>&nbsp;on your answer sheet.</em><br />\n<br />\n<em><strong>NB</strong>&nbsp;You may use any letter&nbsp;more than once.</em></p>\n\n<p>1. <select class=\"question-quiz question-select question-1 last-option\" data-qnumber=\"42\" name=\"question-1\"><option value=\"\"></option><option value=\"A\">A</option><option value=\"B\">B</option><option value=\"C\">C</option></select>dasd asd the different amounts of sleep that people require &nbsp;</p>\n\n<p>&nbsp;</p>\n\n<p><b>&nbsp;</b><span class=\"label-input key-label\"><strong>2</strong></span> <input class=\"question-quiz question-input question-2 last-option\" data-qnumber=\"43\" name=\"question-2\" onclick=\"bitest(this)\" type=\"text\" />an investigation into the results of sleep deprivation</p>\n\n<p>&nbsp;</p>\n\n<p><span class=\"label-input key-label\"><strong>3</strong></span> <input class=\"question-quiz question-input question-3 last-option\" data-qnumber=\"44\" name=\"question-3\" onclick=\"bitest(this)\" type=\"text\" />&nbsp;some reasons why people may suffer from sleep disorders &nbsp;</p>\n\n<p>&nbsp;</p>\n\n<p><span class=\"label-input key-label\"><strong>4</strong></span> <input class=\"question-quiz question-input question-4 last-option\" data-qnumber=\"45\" name=\"question-4\" onclick=\"bitest(this)\" type=\"text\" />lifestyle changes which can help overcome sleep-related problems &nbsp;</p>\n\n<p>&nbsp;</p>\n\n<p><span class=\"label-input key-label\"><strong>5</strong></span> <input class=\"question-quiz question-input question-5 last-option\" data-qnumber=\"46\" name=\"question-5\" onclick=\"bitest(this)\" type=\"text\" />&nbsp;a process by which sleep helps us to remain mentally and physically healthy &nbsp;</p>\n\n<p>&nbsp;</p>\n\n<p><span class=\"label-input key-label\"><strong>6</strong></span> <input class=\"question-quiz question-input question-6 last-option\" data-qnumber=\"47\" name=\"question-6\" onclick=\"bitest(this)\" type=\"text\" />&nbsp;claims about a commercialised man-made product for sleeplessness &nbsp;</p>\n\n<p>&nbsp;</p>\n\n<p><span class=\"label-input key-label\"><strong>7</strong></span> <input class=\"question-quiz question-input question-7 last-option\" data-qnumber=\"48\" name=\"question-7\" onclick=\"bitest(this)\" type=\"text\" />the role of physical changes in sleeping habits &nbsp;</p>\n\n<p>&nbsp;</p>\n\n<p><span class=\"label-input key-label\"><strong>8</strong></span> <input class=\"question-quiz question-input question-8 last-option\" data-qnumber=\"49\" name=\"question-8\" onclick=\"bitest(this)\" type=\"text\" />the processes involved during sleep &nbsp;</p>\n', '<h2>Questions 1-8</h2>\n\n<p><em>The passage has seven sections labelled&nbsp;<strong>A-G</strong>.</em><br>\n<br>\n<em>Which section contains the following information?</em><br>\n<br>\n<em>Write the correct letter&nbsp;<strong>A-G</strong>&nbsp;in boxes&nbsp;<strong>1-8</strong>&nbsp;on your answer sheet.</em><br>\n<br>\n<em><strong>NB</strong>&nbsp;You may use any letter&nbsp;more than once.</em></p>\n\n<p>1. <select class=\"question-quiz question-select question-1 last-option\" data-qnumber=\"42\" name=\"question-1\" disabled=\"disabled\"><option value=\"\"></option><option value=\"A\">A</option><option value=\"B\">B</option><option value=\"C\">C</option></select>dasd asd the different amounts of sleep that people require &nbsp;</p><div class=\"explain-area\"><div class=\"show-answer\"><button type=\"button\" class=\"btn btn-danger btn-show-answer\">Answer 1<div class=\"badge badge-pill key-answer\">A</div></button></div><div class=\"solution-tools locate-highlight-tool\"><a class=\"btn btn-xs btn-primary btn-locate-highlight\" data-qnumber=\"42\" onclick=\"scrollToHighlight(1)\"><i class=\"fa fa-map-marker\" aria-hidden=\"true\"></i>&nbsp;Locate</a></div><div class=\"solution-tools locate-keyword-tool\"><a class=\"btn btn-xs btn-info btn-show-keywords\" data-qnumber=\"42\" data-toggle=\"collapse\" href=\"#keywordArea-42\" aria-expanded=\"false\" aria-controls=\"keywordArea-42\" onclick=\"showKeywords(42)\"><i class=\"fa fa-key\" aria-hidden=\"true\"></i>&nbsp;Keywords</a></div><div class=\"solution-tools locate-comment-tool\"><a class=\"btn btn-xs btn-warning btn-show-comments\" data-qnumber=\"42\" data-toggle=\"collapse\" href=\"#commentArea-42\" aria-expanded=\"false\" aria-controls=\"commentArea-42\" onclick=\"showComments(42)\"><i class=\"fa fa-question\" aria-hidden=\"true\"></i>&nbsp;Comments</a></div><div class=\"collapse collage-keywords collapse-custom\" id=\"keywordArea-42\"> <div class=\"card card-header keywords-area-title\">KEYWORDS:</div><div class=\"card card-block keywords-area\"></div></div><div class=\"collapse collage-comments collapse-custom\" id=\"commentArea-42\"> <div class=\"card card-header comments-area-title\">QUESTION &amp; ANSWER:</div><div class=\"card card-block comments-area\"></div></div></div>\n\n<p>&nbsp;</p>\n\n<p><b>&nbsp;</b><span class=\"label-input key-label\"><strong>2</strong></span> <input class=\"question-quiz question-input question-2 last-option\" data-qnumber=\"43\" name=\"question-2\" onclick=\"bitest(this)\" type=\"text\" disabled=\"disabled\">an investigation into the results of sleep deprivation</p><div class=\"explain-area\"><div class=\"show-answer\"><button type=\"button\" class=\"btn btn-danger btn-show-answer\">Answer 2<div class=\"badge badge-pill key-answer\">B</div></button></div><div class=\"solution-tools locate-highlight-tool\"><a class=\"btn btn-xs btn-primary btn-locate-highlight\" data-qnumber=\"43\" onclick=\"scrollToHighlight(2)\"><i class=\"fa fa-map-marker\" aria-hidden=\"true\"></i>&nbsp;Locate</a></div><div class=\"solution-tools locate-keyword-tool\"><a class=\"btn btn-xs btn-info btn-show-keywords\" data-qnumber=\"43\" data-toggle=\"collapse\" href=\"#keywordArea-43\" aria-expanded=\"false\" aria-controls=\"keywordArea-43\" onclick=\"showKeywords(43)\"><i class=\"fa fa-key\" aria-hidden=\"true\"></i>&nbsp;Keywords</a></div><div class=\"solution-tools locate-comment-tool\"><a class=\"btn btn-xs btn-warning btn-show-comments\" data-qnumber=\"43\" data-toggle=\"collapse\" href=\"#commentArea-43\" aria-expanded=\"false\" aria-controls=\"commentArea-43\" onclick=\"showComments(43)\"><i class=\"fa fa-question\" aria-hidden=\"true\"></i>&nbsp;Comments</a></div><div class=\"collapse collage-keywords collapse-custom\" id=\"keywordArea-43\"> <div class=\"card card-header keywords-area-title\">KEYWORDS:</div><div class=\"card card-block keywords-area\"></div></div><div class=\"collapse collage-comments collapse-custom\" id=\"commentArea-43\"> <div class=\"card card-header comments-area-title\">QUESTION &amp; ANSWER:</div><div class=\"card card-block comments-area\"></div></div></div>\n\n<p>&nbsp;</p>\n\n<p><span class=\"label-input key-label\"><strong>3</strong></span> <input class=\"question-quiz question-input question-3 last-option\" data-qnumber=\"44\" name=\"question-3\" onclick=\"bitest(this)\" type=\"text\" disabled=\"disabled\">&nbsp;some reasons why people may suffer from sleep disorders &nbsp;</p><div class=\"explain-area\"><div class=\"show-answer\"><button type=\"button\" class=\"btn btn-danger btn-show-answer\">Answer 3<div class=\"badge badge-pill key-answer\">C</div></button></div><div class=\"solution-tools locate-highlight-tool\"><a class=\"btn btn-xs btn-primary btn-locate-highlight\" data-qnumber=\"44\" onclick=\"scrollToHighlight(3)\"><i class=\"fa fa-map-marker\" aria-hidden=\"true\"></i>&nbsp;Locate</a></div><div class=\"solution-tools locate-keyword-tool\"><a class=\"btn btn-xs btn-info btn-show-keywords\" data-qnumber=\"44\" data-toggle=\"collapse\" href=\"#keywordArea-44\" aria-expanded=\"false\" aria-controls=\"keywordArea-44\" onclick=\"showKeywords(44)\"><i class=\"fa fa-key\" aria-hidden=\"true\"></i>&nbsp;Keywords</a></div><div class=\"solution-tools locate-comment-tool\"><a class=\"btn btn-xs btn-warning btn-show-comments\" data-qnumber=\"44\" data-toggle=\"collapse\" href=\"#commentArea-44\" aria-expanded=\"false\" aria-controls=\"commentArea-44\" onclick=\"showComments(44)\"><i class=\"fa fa-question\" aria-hidden=\"true\"></i>&nbsp;Comments</a></div><div class=\"collapse collage-keywords collapse-custom\" id=\"keywordArea-44\"> <div class=\"card card-header keywords-area-title\">KEYWORDS:</div><div class=\"card card-block keywords-area\"></div></div><div class=\"collapse collage-comments collapse-custom\" id=\"commentArea-44\"> <div class=\"card card-header comments-area-title\">QUESTION &amp; ANSWER:</div><div class=\"card card-block comments-area\"></div></div></div>\n\n<p>&nbsp;</p>\n\n<p><span class=\"label-input key-label\"><strong>4</strong></span> <input class=\"question-quiz question-input question-4 last-option\" data-qnumber=\"45\" name=\"question-4\" onclick=\"bitest(this)\" type=\"text\" disabled=\"disabled\">lifestyle changes which can help overcome sleep-related problems &nbsp;</p><div class=\"explain-area\"><div class=\"show-answer\"><button type=\"button\" class=\"btn btn-danger btn-show-answer\">Answer 4<div class=\"badge badge-pill key-answer\">D</div></button></div><div class=\"solution-tools locate-highlight-tool\"><a class=\"btn btn-xs btn-primary btn-locate-highlight\" data-qnumber=\"45\" onclick=\"scrollToHighlight(4)\"><i class=\"fa fa-map-marker\" aria-hidden=\"true\"></i>&nbsp;Locate</a></div><div class=\"solution-tools locate-keyword-tool\"><a class=\"btn btn-xs btn-info btn-show-keywords\" data-qnumber=\"45\" data-toggle=\"collapse\" href=\"#keywordArea-45\" aria-expanded=\"false\" aria-controls=\"keywordArea-45\" onclick=\"showKeywords(45)\"><i class=\"fa fa-key\" aria-hidden=\"true\"></i>&nbsp;Keywords</a></div><div class=\"solution-tools locate-comment-tool\"><a class=\"btn btn-xs btn-warning btn-show-comments\" data-qnumber=\"45\" data-toggle=\"collapse\" href=\"#commentArea-45\" aria-expanded=\"false\" aria-controls=\"commentArea-45\" onclick=\"showComments(45)\"><i class=\"fa fa-question\" aria-hidden=\"true\"></i>&nbsp;Comments</a></div><div class=\"collapse collage-keywords collapse-custom\" id=\"keywordArea-45\"> <div class=\"card card-header keywords-area-title\">KEYWORDS:</div><div class=\"card card-block keywords-area\"></div></div><div class=\"collapse collage-comments collapse-custom\" id=\"commentArea-45\"> <div class=\"card card-header comments-area-title\">QUESTION &amp; ANSWER:</div><div class=\"card card-block comments-area\"></div></div></div>\n\n<p>&nbsp;</p>\n\n<p><span class=\"label-input key-label\"><strong>5</strong></span> <input class=\"question-quiz question-input question-5 last-option\" data-qnumber=\"46\" name=\"question-5\" onclick=\"bitest(this)\" type=\"text\" disabled=\"disabled\">&nbsp;a process by which sleep helps us to remain mentally and physically healthy &nbsp;</p><div class=\"explain-area\"><div class=\"show-answer\"><button type=\"button\" class=\"btn btn-danger btn-show-answer\">Answer 5<div class=\"badge badge-pill key-answer\">E</div></button></div><div class=\"solution-tools locate-highlight-tool\"><a class=\"btn btn-xs btn-primary btn-locate-highlight\" data-qnumber=\"46\" onclick=\"scrollToHighlight(5)\"><i class=\"fa fa-map-marker\" aria-hidden=\"true\"></i>&nbsp;Locate</a></div><div class=\"solution-tools locate-keyword-tool\"><a class=\"btn btn-xs btn-info btn-show-keywords\" data-qnumber=\"46\" data-toggle=\"collapse\" href=\"#keywordArea-46\" aria-expanded=\"false\" aria-controls=\"keywordArea-46\" onclick=\"showKeywords(46)\"><i class=\"fa fa-key\" aria-hidden=\"true\"></i>&nbsp;Keywords</a></div><div class=\"solution-tools locate-comment-tool\"><a class=\"btn btn-xs btn-warning btn-show-comments\" data-qnumber=\"46\" data-toggle=\"collapse\" href=\"#commentArea-46\" aria-expanded=\"false\" aria-controls=\"commentArea-46\" onclick=\"showComments(46)\"><i class=\"fa fa-question\" aria-hidden=\"true\"></i>&nbsp;Comments</a></div><div class=\"collapse collage-keywords collapse-custom\" id=\"keywordArea-46\"> <div class=\"card card-header keywords-area-title\">KEYWORDS:</div><div class=\"card card-block keywords-area\"></div></div><div class=\"collapse collage-comments collapse-custom\" id=\"commentArea-46\"> <div class=\"card card-header comments-area-title\">QUESTION &amp; ANSWER:</div><div class=\"card card-block comments-area\"></div></div></div>\n\n<p>&nbsp;</p>\n\n<p><span class=\"label-input key-label\"><strong>6</strong></span> <input class=\"question-quiz question-input question-6 last-option\" data-qnumber=\"47\" name=\"question-6\" onclick=\"bitest(this)\" type=\"text\" disabled=\"disabled\">&nbsp;claims about a commercialised man-made product for sleeplessness &nbsp;</p><div class=\"explain-area\"><div class=\"show-answer\"><button type=\"button\" class=\"btn btn-danger btn-show-answer\">Answer 6<div class=\"badge badge-pill key-answer\">F</div></button></div><div class=\"solution-tools locate-highlight-tool\"><a class=\"btn btn-xs btn-primary btn-locate-highlight\" data-qnumber=\"47\" onclick=\"scrollToHighlight(6)\"><i class=\"fa fa-map-marker\" aria-hidden=\"true\"></i>&nbsp;Locate</a></div><div class=\"solution-tools locate-keyword-tool\"><a class=\"btn btn-xs btn-info btn-show-keywords\" data-qnumber=\"47\" data-toggle=\"collapse\" href=\"#keywordArea-47\" aria-expanded=\"false\" aria-controls=\"keywordArea-47\" onclick=\"showKeywords(47)\"><i class=\"fa fa-key\" aria-hidden=\"true\"></i>&nbsp;Keywords</a></div><div class=\"solution-tools locate-comment-tool\"><a class=\"btn btn-xs btn-warning btn-show-comments\" data-qnumber=\"47\" data-toggle=\"collapse\" href=\"#commentArea-47\" aria-expanded=\"false\" aria-controls=\"commentArea-47\" onclick=\"showComments(47)\"><i class=\"fa fa-question\" aria-hidden=\"true\"></i>&nbsp;Comments</a></div><div class=\"collapse collage-keywords collapse-custom\" id=\"keywordArea-47\"> <div class=\"card card-header keywords-area-title\">KEYWORDS:</div><div class=\"card card-block keywords-area\"></div></div><div class=\"collapse collage-comments collapse-custom\" id=\"commentArea-47\"> <div class=\"card card-header comments-area-title\">QUESTION &amp; ANSWER:</div><div class=\"card card-block comments-area\"></div></div></div>\n\n<p>&nbsp;</p>\n\n<p><span class=\"label-input key-label\"><strong>7</strong></span> <input class=\"question-quiz question-input question-7 last-option\" data-qnumber=\"48\" name=\"question-7\" onclick=\"bitest(this)\" type=\"text\" disabled=\"disabled\">the role of physical changes in sleeping habits &nbsp;</p><div class=\"explain-area\"><div class=\"show-answer\"><button type=\"button\" class=\"btn btn-danger btn-show-answer\">Answer 7<div class=\"badge badge-pill key-answer\">G</div></button></div><div class=\"solution-tools locate-highlight-tool\"><a class=\"btn btn-xs btn-primary btn-locate-highlight\" data-qnumber=\"48\" onclick=\"scrollToHighlight(7)\"><i class=\"fa fa-map-marker\" aria-hidden=\"true\"></i>&nbsp;Locate</a></div><div class=\"solution-tools locate-keyword-tool\"><a class=\"btn btn-xs btn-info btn-show-keywords\" data-qnumber=\"48\" data-toggle=\"collapse\" href=\"#keywordArea-48\" aria-expanded=\"false\" aria-controls=\"keywordArea-48\" onclick=\"showKeywords(48)\"><i class=\"fa fa-key\" aria-hidden=\"true\"></i>&nbsp;Keywords</a></div><div class=\"solution-tools locate-comment-tool\"><a class=\"btn btn-xs btn-warning btn-show-comments\" data-qnumber=\"48\" data-toggle=\"collapse\" href=\"#commentArea-48\" aria-expanded=\"false\" aria-controls=\"commentArea-48\" onclick=\"showComments(48)\"><i class=\"fa fa-question\" aria-hidden=\"true\"></i>&nbsp;Comments</a></div><div class=\"collapse collage-keywords collapse-custom\" id=\"keywordArea-48\"> <div class=\"card card-header keywords-area-title\">KEYWORDS:</div><div class=\"card card-block keywords-area\"></div></div><div class=\"collapse collage-comments collapse-custom\" id=\"commentArea-48\"> <div class=\"card card-header comments-area-title\">QUESTION &amp; ANSWER:</div><div class=\"card card-block comments-area\"></div></div></div>\n\n<p>&nbsp;</p>\n\n<p><span class=\"label-input key-label\"><strong>8</strong></span> <input class=\"question-quiz question-input question-8 last-option\" data-qnumber=\"49\" name=\"question-8\" onclick=\"bitest(this)\" type=\"text\" disabled=\"disabled\">the processes involved during sleep &nbsp;</p><div class=\"explain-area\"><div class=\"show-answer\"><button type=\"button\" class=\"btn btn-danger btn-show-answer\">Answer 8<div class=\"badge badge-pill key-answer\">H</div></button></div><div class=\"solution-tools locate-highlight-tool\"><a class=\"btn btn-xs btn-primary btn-locate-highlight\" data-qnumber=\"49\" onclick=\"scrollToHighlight(8)\"><i class=\"fa fa-map-marker\" aria-hidden=\"true\"></i>&nbsp;Locate</a></div><div class=\"solution-tools locate-keyword-tool\"><a class=\"btn btn-xs btn-info btn-show-keywords\" data-qnumber=\"49\" data-toggle=\"collapse\" href=\"#keywordArea-49\" aria-expanded=\"false\" aria-controls=\"keywordArea-49\" onclick=\"showKeywords(49)\"><i class=\"fa fa-key\" aria-hidden=\"true\"></i>&nbsp;Keywords</a></div><div class=\"solution-tools locate-comment-tool\"><a class=\"btn btn-xs btn-warning btn-show-comments\" data-qnumber=\"49\" data-toggle=\"collapse\" href=\"#commentArea-49\" aria-expanded=\"false\" aria-controls=\"commentArea-49\" onclick=\"showComments(49)\"><i class=\"fa fa-question\" aria-hidden=\"true\"></i>&nbsp;Comments</a></div><div class=\"collapse collage-keywords collapse-custom\" id=\"keywordArea-49\"> <div class=\"card card-header keywords-area-title\">KEYWORDS:</div><div class=\"card card-block keywords-area\"></div></div><div class=\"collapse collage-comments collapse-custom\" id=\"commentArea-49\"> <div class=\"card card-header comments-area-title\">QUESTION &amp; ANSWER:</div><div class=\"card card-block comments-area\"></div></div></div>\n', 8, 2, 0, 1, '2017-08-07 07:02:53', '2017-08-07 07:02:53'),
(20, 20, '<h2>Questions 1-8</h2>\n\n<p><em>The passage has seven sections labelled&nbsp;<strong>A-G</strong>.</em><br />\n<br />\n<em>Which section contains the following information?</em><br />\n<br />\n<em>Write the correct letter&nbsp;<strong>A-G</strong>&nbsp;in boxes&nbsp;<strong>1-8</strong>&nbsp;on your answer sheet.</em><br />\n<br />\n<em><strong>NB</strong>&nbsp;You may use any letter&nbsp;more than once.</em></p>\n\n<p>&nbsp;<span class=\"label-input key-label\"><strong>1</strong></span> <input class=\"question-quiz question-input question-1 last-option\" data-qnumber=\"50\" name=\"question-1\" onclick=\"bitest(this)\" type=\"text\" />&nbsp;the different amounts of sleep that people require &nbsp;</p>\n\n<p>&nbsp;</p>\n\n<p><span class=\"label-input key-label\"><strong>2</strong></span> <input class=\"question-quiz question-input question-2 last-option\" data-qnumber=\"51\" name=\"question-2\" onclick=\"bitest(this)\" type=\"text\" />&nbsp;an investigation into the results of sleep deprivation</p>\n\n<p>&nbsp;</p>\n\n<p><span class=\"label-input key-label\"><strong>3</strong></span> <input class=\"question-quiz question-input question-3 last-option\" data-qnumber=\"52\" name=\"question-3\" onclick=\"bitest(this)\" type=\"text\" />&nbsp;some reasons why people may suffer from sleep disorders &nbsp;</p>\n\n<p>&nbsp;</p>\n\n<p><span class=\"label-input key-label\"><strong>4</strong></span> <input class=\"question-quiz question-input question-4 last-option\" data-qnumber=\"53\" name=\"question-4\" onclick=\"bitest(this)\" type=\"text\" />&nbsp;lifestyle changes which can help overcome sleep-related problems &nbsp;</p>\n\n<p>&nbsp;</p>\n\n<p><span class=\"label-input key-label\"><strong>5</strong></span> <input class=\"question-quiz question-input question-5 last-option\" data-qnumber=\"54\" name=\"question-5\" onclick=\"bitest(this)\" type=\"text\" />&nbsp;a process by which sleep helps us to remain mentally and physically healthy &nbsp;</p>\n\n<p>&nbsp;</p>\n\n<p><span class=\"label-input key-label\"><strong>6</strong></span> <input class=\"question-quiz question-input question-6 last-option\" data-qnumber=\"55\" name=\"question-6\" onclick=\"bitest(this)\" type=\"text\" />&nbsp;claims about a commercialised man-made product for sleeplessness &nbsp;</p>\n\n<p>&nbsp;</p>\n\n<p><span class=\"label-input key-label\"><strong>7</strong></span> <input class=\"question-quiz question-input question-7 last-option\" data-qnumber=\"56\" name=\"question-7\" onclick=\"bitest(this)\" type=\"text\" />&nbsp;the role of physical changes in sleeping habits &nbsp;</p>\n\n<p>&nbsp;</p>\n\n<p><span class=\"label-input key-label\"><strong>8</strong></span> <input class=\"question-quiz question-input question-8 last-option\" data-qnumber=\"57\" name=\"question-8\" onclick=\"bitest(this)\" type=\"text\" /> the processes involved during sleep &nbsp;</p>\n', '<h2>Questions 1-8</h2>\n\n<p><em>The passage has seven sections labelled&nbsp;<strong>A-G</strong>.</em><br>\n<br>\n<em>Which section contains the following information?</em><br>\n<br>\n<em>Write the correct letter&nbsp;<strong>A-G</strong>&nbsp;in boxes&nbsp;<strong>1-8</strong>&nbsp;on your answer sheet.</em><br>\n<br>\n<em><strong>NB</strong>&nbsp;You may use any letter&nbsp;more than once.</em></p>\n\n<p>&nbsp;<span class=\"label-input key-label\"><strong>1</strong></span> <input class=\"question-quiz question-input question-1 last-option\" data-qnumber=\"50\" name=\"question-1\" onclick=\"bitest(this)\" type=\"text\" disabled=\"disabled\">&nbsp;the different amounts of sleep that people require &nbsp;</p><div class=\"explain-area\"><div class=\"show-answer\"><button type=\"button\" class=\"btn btn-danger btn-show-answer\">Answer 1 <div class=\"badge badge-pill key-answer\">A</div></button></div><div class=\"solution-tools locate-highlight-tool\"><a class=\"btn btn-xs btn-outline-warning btn-locate-highlight\" data-qnumber=\"50\" onclick=\"scrollToHighlight(1)\"><i class=\"fa fa-map-marker\" aria-hidden=\"true\"></i>&nbsp;Locate</a></div><div class=\"solution-tools locate-keyword-tool\"><a class=\"btn btn-xs btn-outline-info btn-show-keywords\" data-qnumber=\"50\" data-toggle=\"collapse\" href=\"#keywordArea-50\" aria-expanded=\"false\" aria-controls=\"keywordArea-50\" onclick=\"showKeywords(50)\"><i class=\"fa fa-key\" aria-hidden=\"true\"></i>&nbsp;Keywords</a></div><div class=\"solution-tools locate-comment-tool\"><a class=\"btn btn-xs btn-outline-primary btn-show-comments\" data-qnumber=\"50\" data-toggle=\"collapse\" href=\"#commentArea-50\" aria-expanded=\"false\" aria-controls=\"commentArea-50\" onclick=\"showComments(50)\"><i class=\"fa fa-question\" aria-hidden=\"true\"></i>&nbsp;Comments</a></div><div class=\"collapse collage-keywords collapse-custom\" id=\"keywordArea-50\"> <div class=\"card card-header keywords-area-title\">KEYWORDS:</div><div class=\"card card-block keywords-area\"></div></div><div class=\"collapse collage-comments collapse-custom\" id=\"commentArea-50\"> <div class=\"card card-header comments-area-title\">QUESTION &amp; ANSWER:</div><div class=\"card card-block comments-area\"></div></div></div>\n\n<p>&nbsp;</p>\n\n<p><span class=\"label-input key-label\"><strong>2</strong></span> <input class=\"question-quiz question-input question-2 last-option\" data-qnumber=\"51\" name=\"question-2\" onclick=\"bitest(this)\" type=\"text\" disabled=\"disabled\">&nbsp;an investigation into the results of sleep deprivation</p><div class=\"explain-area\"><div class=\"show-answer\"><button type=\"button\" class=\"btn btn-danger btn-show-answer\">Answer 2 <div class=\"badge badge-pill key-answer\">B</div></button></div><div class=\"solution-tools locate-highlight-tool\"><a class=\"btn btn-xs btn-outline-warning btn-locate-highlight\" data-qnumber=\"51\" onclick=\"scrollToHighlight(2)\"><i class=\"fa fa-map-marker\" aria-hidden=\"true\"></i>&nbsp;Locate</a></div><div class=\"solution-tools locate-keyword-tool\"><a class=\"btn btn-xs btn-outline-info btn-show-keywords\" data-qnumber=\"51\" data-toggle=\"collapse\" href=\"#keywordArea-51\" aria-expanded=\"false\" aria-controls=\"keywordArea-51\" onclick=\"showKeywords(51)\"><i class=\"fa fa-key\" aria-hidden=\"true\"></i>&nbsp;Keywords</a></div><div class=\"solution-tools locate-comment-tool\"><a class=\"btn btn-xs btn-outline-primary btn-show-comments\" data-qnumber=\"51\" data-toggle=\"collapse\" href=\"#commentArea-51\" aria-expanded=\"false\" aria-controls=\"commentArea-51\" onclick=\"showComments(51)\"><i class=\"fa fa-question\" aria-hidden=\"true\"></i>&nbsp;Comments</a></div><div class=\"collapse collage-keywords collapse-custom\" id=\"keywordArea-51\"> <div class=\"card card-header keywords-area-title\">KEYWORDS:</div><div class=\"card card-block keywords-area\"></div></div><div class=\"collapse collage-comments collapse-custom\" id=\"commentArea-51\"> <div class=\"card card-header comments-area-title\">QUESTION &amp; ANSWER:</div><div class=\"card card-block comments-area\"></div></div></div>\n\n<p>&nbsp;</p>\n\n<p><span class=\"label-input key-label\"><strong>3</strong></span> <input class=\"question-quiz question-input question-3 last-option\" data-qnumber=\"52\" name=\"question-3\" onclick=\"bitest(this)\" type=\"text\" disabled=\"disabled\">&nbsp;some reasons why people may suffer from sleep disorders &nbsp;</p><div class=\"explain-area\"><div class=\"show-answer\"><button type=\"button\" class=\"btn btn-danger btn-show-answer\">Answer 3 <div class=\"badge badge-pill key-answer\">C</div></button></div><div class=\"solution-tools locate-highlight-tool\"><a class=\"btn btn-xs btn-outline-warning btn-locate-highlight\" data-qnumber=\"52\" onclick=\"scrollToHighlight(3)\"><i class=\"fa fa-map-marker\" aria-hidden=\"true\"></i>&nbsp;Locate</a></div><div class=\"solution-tools locate-keyword-tool\"><a class=\"btn btn-xs btn-outline-info btn-show-keywords\" data-qnumber=\"52\" data-toggle=\"collapse\" href=\"#keywordArea-52\" aria-expanded=\"false\" aria-controls=\"keywordArea-52\" onclick=\"showKeywords(52)\"><i class=\"fa fa-key\" aria-hidden=\"true\"></i>&nbsp;Keywords</a></div><div class=\"solution-tools locate-comment-tool\"><a class=\"btn btn-xs btn-outline-primary btn-show-comments\" data-qnumber=\"52\" data-toggle=\"collapse\" href=\"#commentArea-52\" aria-expanded=\"false\" aria-controls=\"commentArea-52\" onclick=\"showComments(52)\"><i class=\"fa fa-question\" aria-hidden=\"true\"></i>&nbsp;Comments</a></div><div class=\"collapse collage-keywords collapse-custom\" id=\"keywordArea-52\"> <div class=\"card card-header keywords-area-title\">KEYWORDS:</div><div class=\"card card-block keywords-area\"></div></div><div class=\"collapse collage-comments collapse-custom\" id=\"commentArea-52\"> <div class=\"card card-header comments-area-title\">QUESTION &amp; ANSWER:</div><div class=\"card card-block comments-area\"></div></div></div>\n\n<p>&nbsp;</p>\n\n<p><span class=\"label-input key-label\"><strong>4</strong></span> <input class=\"question-quiz question-input question-4 last-option\" data-qnumber=\"53\" name=\"question-4\" onclick=\"bitest(this)\" type=\"text\" disabled=\"disabled\">&nbsp;lifestyle changes which can help overcome sleep-related problems &nbsp;</p><div class=\"explain-area\"><div class=\"show-answer\"><button type=\"button\" class=\"btn btn-danger btn-show-answer\">Answer 4 <div class=\"badge badge-pill key-answer\">D</div></button></div><div class=\"solution-tools locate-highlight-tool\"><a class=\"btn btn-xs btn-outline-warning btn-locate-highlight\" data-qnumber=\"53\" onclick=\"scrollToHighlight(4)\"><i class=\"fa fa-map-marker\" aria-hidden=\"true\"></i>&nbsp;Locate</a></div><div class=\"solution-tools locate-keyword-tool\"><a class=\"btn btn-xs btn-outline-info btn-show-keywords\" data-qnumber=\"53\" data-toggle=\"collapse\" href=\"#keywordArea-53\" aria-expanded=\"false\" aria-controls=\"keywordArea-53\" onclick=\"showKeywords(53)\"><i class=\"fa fa-key\" aria-hidden=\"true\"></i>&nbsp;Keywords</a></div><div class=\"solution-tools locate-comment-tool\"><a class=\"btn btn-xs btn-outline-primary btn-show-comments\" data-qnumber=\"53\" data-toggle=\"collapse\" href=\"#commentArea-53\" aria-expanded=\"false\" aria-controls=\"commentArea-53\" onclick=\"showComments(53)\"><i class=\"fa fa-question\" aria-hidden=\"true\"></i>&nbsp;Comments</a></div><div class=\"collapse collage-keywords collapse-custom\" id=\"keywordArea-53\"> <div class=\"card card-header keywords-area-title\">KEYWORDS:</div><div class=\"card card-block keywords-area\"></div></div><div class=\"collapse collage-comments collapse-custom\" id=\"commentArea-53\"> <div class=\"card card-header comments-area-title\">QUESTION &amp; ANSWER:</div><div class=\"card card-block comments-area\"></div></div></div>\n\n<p>&nbsp;</p>\n\n<p><span class=\"label-input key-label\"><strong>5</strong></span> <input class=\"question-quiz question-input question-5 last-option\" data-qnumber=\"54\" name=\"question-5\" onclick=\"bitest(this)\" type=\"text\" disabled=\"disabled\">&nbsp;a process by which sleep helps us to remain mentally and physically healthy &nbsp;</p><div class=\"explain-area\"><div class=\"show-answer\"><button type=\"button\" class=\"btn btn-danger btn-show-answer\">Answer 5 <div class=\"badge badge-pill key-answer\">DF</div></button></div><div class=\"solution-tools locate-highlight-tool\"><a class=\"btn btn-xs btn-outline-warning btn-locate-highlight\" data-qnumber=\"54\" onclick=\"scrollToHighlight(5)\"><i class=\"fa fa-map-marker\" aria-hidden=\"true\"></i>&nbsp;Locate</a></div><div class=\"solution-tools locate-keyword-tool\"><a class=\"btn btn-xs btn-outline-info btn-show-keywords\" data-qnumber=\"54\" data-toggle=\"collapse\" href=\"#keywordArea-54\" aria-expanded=\"false\" aria-controls=\"keywordArea-54\" onclick=\"showKeywords(54)\"><i class=\"fa fa-key\" aria-hidden=\"true\"></i>&nbsp;Keywords</a></div><div class=\"solution-tools locate-comment-tool\"><a class=\"btn btn-xs btn-outline-primary btn-show-comments\" data-qnumber=\"54\" data-toggle=\"collapse\" href=\"#commentArea-54\" aria-expanded=\"false\" aria-controls=\"commentArea-54\" onclick=\"showComments(54)\"><i class=\"fa fa-question\" aria-hidden=\"true\"></i>&nbsp;Comments</a></div><div class=\"collapse collage-keywords collapse-custom\" id=\"keywordArea-54\"> <div class=\"card card-header keywords-area-title\">KEYWORDS:</div><div class=\"card card-block keywords-area\"></div></div><div class=\"collapse collage-comments collapse-custom\" id=\"commentArea-54\"> <div class=\"card card-header comments-area-title\">QUESTION &amp; ANSWER:</div><div class=\"card card-block comments-area\"></div></div></div>\n\n<p>&nbsp;</p>\n\n<p><span class=\"label-input key-label\"><strong>6</strong></span> <input class=\"question-quiz question-input question-6 last-option\" data-qnumber=\"55\" name=\"question-6\" onclick=\"bitest(this)\" type=\"text\" disabled=\"disabled\">&nbsp;claims about a commercialised man-made product for sleeplessness &nbsp;</p><div class=\"explain-area\"><div class=\"show-answer\"><button type=\"button\" class=\"btn btn-danger btn-show-answer\">Answer 6 <div class=\"badge badge-pill key-answer\">dsf</div></button></div><div class=\"solution-tools locate-highlight-tool\"><a class=\"btn btn-xs btn-outline-warning btn-locate-highlight\" data-qnumber=\"55\" onclick=\"scrollToHighlight(6)\"><i class=\"fa fa-map-marker\" aria-hidden=\"true\"></i>&nbsp;Locate</a></div><div class=\"solution-tools locate-keyword-tool\"><a class=\"btn btn-xs btn-outline-info btn-show-keywords\" data-qnumber=\"55\" data-toggle=\"collapse\" href=\"#keywordArea-55\" aria-expanded=\"false\" aria-controls=\"keywordArea-55\" onclick=\"showKeywords(55)\"><i class=\"fa fa-key\" aria-hidden=\"true\"></i>&nbsp;Keywords</a></div><div class=\"solution-tools locate-comment-tool\"><a class=\"btn btn-xs btn-outline-primary btn-show-comments\" data-qnumber=\"55\" data-toggle=\"collapse\" href=\"#commentArea-55\" aria-expanded=\"false\" aria-controls=\"commentArea-55\" onclick=\"showComments(55)\"><i class=\"fa fa-question\" aria-hidden=\"true\"></i>&nbsp;Comments</a></div><div class=\"collapse collage-keywords collapse-custom\" id=\"keywordArea-55\"> <div class=\"card card-header keywords-area-title\">KEYWORDS:</div><div class=\"card card-block keywords-area\"></div></div><div class=\"collapse collage-comments collapse-custom\" id=\"commentArea-55\"> <div class=\"card card-header comments-area-title\">QUESTION &amp; ANSWER:</div><div class=\"card card-block comments-area\"></div></div></div>\n\n<p>&nbsp;</p>\n\n<p><span class=\"label-input key-label\"><strong>7</strong></span> <input class=\"question-quiz question-input question-7 last-option\" data-qnumber=\"56\" name=\"question-7\" onclick=\"bitest(this)\" type=\"text\" disabled=\"disabled\">&nbsp;the role of physical changes in sleeping habits &nbsp;</p><div class=\"explain-area\"><div class=\"show-answer\"><button type=\"button\" class=\"btn btn-danger btn-show-answer\">Answer 7 <div class=\"badge badge-pill key-answer\">fds</div></button></div><div class=\"solution-tools locate-highlight-tool\"><a class=\"btn btn-xs btn-outline-warning btn-locate-highlight\" data-qnumber=\"56\" onclick=\"scrollToHighlight(7)\"><i class=\"fa fa-map-marker\" aria-hidden=\"true\"></i>&nbsp;Locate</a></div><div class=\"solution-tools locate-keyword-tool\"><a class=\"btn btn-xs btn-outline-info btn-show-keywords\" data-qnumber=\"56\" data-toggle=\"collapse\" href=\"#keywordArea-56\" aria-expanded=\"false\" aria-controls=\"keywordArea-56\" onclick=\"showKeywords(56)\"><i class=\"fa fa-key\" aria-hidden=\"true\"></i>&nbsp;Keywords</a></div><div class=\"solution-tools locate-comment-tool\"><a class=\"btn btn-xs btn-outline-primary btn-show-comments\" data-qnumber=\"56\" data-toggle=\"collapse\" href=\"#commentArea-56\" aria-expanded=\"false\" aria-controls=\"commentArea-56\" onclick=\"showComments(56)\"><i class=\"fa fa-question\" aria-hidden=\"true\"></i>&nbsp;Comments</a></div><div class=\"collapse collage-keywords collapse-custom\" id=\"keywordArea-56\"> <div class=\"card card-header keywords-area-title\">KEYWORDS:</div><div class=\"card card-block keywords-area\"></div></div><div class=\"collapse collage-comments collapse-custom\" id=\"commentArea-56\"> <div class=\"card card-header comments-area-title\">QUESTION &amp; ANSWER:</div><div class=\"card card-block comments-area\"></div></div></div>\n\n<p>&nbsp;</p>\n\n<p><span class=\"label-input key-label\"><strong>8</strong></span> <input class=\"question-quiz question-input question-8 last-option\" data-qnumber=\"57\" name=\"question-8\" onclick=\"bitest(this)\" type=\"text\" disabled=\"disabled\"> the processes involved during sleep &nbsp;</p><div class=\"explain-area\"><div class=\"show-answer\"><button type=\"button\" class=\"btn btn-danger btn-show-answer\">Answer 8 <div class=\"badge badge-pill key-answer\">fds</div></button></div><div class=\"solution-tools locate-highlight-tool\"><a class=\"btn btn-xs btn-outline-warning btn-locate-highlight\" data-qnumber=\"57\" onclick=\"scrollToHighlight(8)\"><i class=\"fa fa-map-marker\" aria-hidden=\"true\"></i>&nbsp;Locate</a></div><div class=\"solution-tools locate-keyword-tool\"><a class=\"btn btn-xs btn-outline-info btn-show-keywords\" data-qnumber=\"57\" data-toggle=\"collapse\" href=\"#keywordArea-57\" aria-expanded=\"false\" aria-controls=\"keywordArea-57\" onclick=\"showKeywords(57)\"><i class=\"fa fa-key\" aria-hidden=\"true\"></i>&nbsp;Keywords</a></div><div class=\"solution-tools locate-comment-tool\"><a class=\"btn btn-xs btn-outline-primary btn-show-comments\" data-qnumber=\"57\" data-toggle=\"collapse\" href=\"#commentArea-57\" aria-expanded=\"false\" aria-controls=\"commentArea-57\" onclick=\"showComments(57)\"><i class=\"fa fa-question\" aria-hidden=\"true\"></i>&nbsp;Comments</a></div><div class=\"collapse collage-keywords collapse-custom\" id=\"keywordArea-57\"> <div class=\"card card-header keywords-area-title\">KEYWORDS:</div><div class=\"card card-block keywords-area\"></div></div><div class=\"collapse collage-comments collapse-custom\" id=\"commentArea-57\"> <div class=\"card card-header comments-area-title\">QUESTION &amp; ANSWER:</div><div class=\"card card-block comments-area\"></div></div></div>\n', 8, 3, 2400, 1, '2017-08-07 07:07:44', '2017-08-07 07:07:44'),
(21, 21, '<p><span class=\"label-input key-label\"><strong>1</strong></span> <input class=\"question-quiz question-input question-1 last-option\" data-qnumber=\"58\" name=\"question-1\" onclick=\"bitest(this)\" type=\"text\" /></p>\n', '<p><span class=\"label-input key-label\"><strong>1</strong></span> <input class=\"question-quiz question-input question-1 last-option\" data-qnumber=\"58\" name=\"question-1\" onclick=\"bitest(this)\" type=\"text\" disabled=\"disabled\"></p><div class=\"explain-area\"><div class=\"show-answer\"><button type=\"button\" class=\"btn btn-danger btn-show-answer\">Answer 1 <div class=\"badge badge-pill key-answer\">A</div></button></div><div class=\"solution-tools locate-highlight-tool\"><a class=\"btn btn-xs btn-outline-warning btn-locate-highlight\" data-qnumber=\"58\" onclick=\"scrollToHighlight(1)\"><i class=\"fa fa-map-marker\" aria-hidden=\"true\"></i>&nbsp;Locate</a></div><div class=\"solution-tools locate-keyword-tool\"><a class=\"btn btn-xs btn-outline-info btn-show-keywords\" data-qnumber=\"58\" data-toggle=\"collapse\" href=\"#keywordArea-58\" aria-expanded=\"false\" aria-controls=\"keywordArea-58\" onclick=\"showKeywords(58)\"><i class=\"fa fa-key\" aria-hidden=\"true\"></i>&nbsp;Keywords</a></div><div class=\"solution-tools locate-comment-tool\"><a class=\"btn btn-xs btn-outline-primary btn-show-comments\" data-qnumber=\"58\" data-toggle=\"collapse\" href=\"#commentArea-58\" aria-expanded=\"false\" aria-controls=\"commentArea-58\" onclick=\"showComments(58)\"><i class=\"fa fa-question\" aria-hidden=\"true\"></i>&nbsp;Comments</a></div><div class=\"collapse collage-keywords collapse-custom\" id=\"keywordArea-58\"> <div class=\"card card-header keywords-area-title\">KEYWORDS:</div><div class=\"card card-block keywords-area\"></div></div><div class=\"collapse collage-comments collapse-custom\" id=\"commentArea-58\"> <div class=\"card card-header comments-area-title\">QUESTION &amp; ANSWER:</div><div class=\"card card-block comments-area\"></div></div></div>\n', 1, 1, 0, 1, '2017-08-07 09:31:01', '2017-08-07 09:31:01'),
(22, 22, '<p>Content Post is here!&nbsp;<span class=\"label-input key-label\"><strong>1</strong></span> <input class=\"question-quiz question-input question-1 last-option\" data-qnumber=\"59\" name=\"question-1\" onclick=\"bitest(this)\" type=\"text\" /></p>\n', '<p>Content Post is here!&nbsp;<span class=\"label-input key-label\"><strong>1</strong></span> <input class=\"question-quiz question-input question-1 last-option\" data-qnumber=\"59\" name=\"question-1\" onclick=\"bitest(this)\" type=\"text\" disabled=\"disabled\"></p><div class=\"explain-area\"><div class=\"show-answer\"><button type=\"button\" class=\"btn btn-danger btn-show-answer\">Answer 1 <div class=\"badge badge-pill key-answer\">da</div></button></div><div class=\"solution-tools locate-highlight-tool\"><a class=\"btn btn-xs btn-outline-warning btn-locate-highlight\" data-qnumber=\"59\" onclick=\"scrollToHighlight(1)\"><i class=\"fa fa-map-marker\" aria-hidden=\"true\"></i>&nbsp;Locate</a></div><div class=\"solution-tools locate-keyword-tool\"><a class=\"btn btn-xs btn-outline-info btn-show-keywords\" data-qnumber=\"59\" data-toggle=\"collapse\" href=\"#keywordArea-59\" aria-expanded=\"false\" aria-controls=\"keywordArea-59\" onclick=\"showKeywords(59)\"><i class=\"fa fa-key\" aria-hidden=\"true\"></i>&nbsp;Keywords</a></div><div class=\"solution-tools locate-comment-tool\"><a class=\"btn btn-xs btn-outline-primary btn-show-comments\" data-qnumber=\"59\" data-toggle=\"collapse\" href=\"#commentArea-59\" aria-expanded=\"false\" aria-controls=\"commentArea-59\" onclick=\"showComments(59)\"><i class=\"fa fa-question\" aria-hidden=\"true\"></i>&nbsp;Comments</a></div><div class=\"collapse collage-keywords collapse-custom\" id=\"keywordArea-59\"> <div class=\"card card-header keywords-area-title\">KEYWORDS:</div><div class=\"card card-block keywords-area\"></div></div><div class=\"collapse collage-comments collapse-custom\" id=\"commentArea-59\"> <div class=\"card card-header comments-area-title\">QUESTION &amp; ANSWER:</div><div class=\"card card-block comments-area\"></div></div></div>\n', 1, 2, 0, 1, '2017-08-07 09:31:46', '2017-08-07 09:31:46'),
(23, 23, '<p><span class=\"label-input key-label\"><strong>1</strong></span> <input class=\"question-quiz question-input question-1 last-option\" data-qnumber=\"60\" name=\"question-1\" onclick=\"bitest(this)\" type=\"text\" /></p>\n', '<p><span class=\"label-input key-label\"><strong>1</strong></span> <input class=\"question-quiz question-input question-1 last-option\" data-qnumber=\"60\" name=\"question-1\" onclick=\"bitest(this)\" type=\"text\" disabled=\"disabled\"></p><div class=\"explain-area explain-1 explain-area-\" 60\"=\"\" data-qnumber=\"60\"><div class=\"show-answer\"><button type=\"button\" class=\"btn btn-danger btn-show-answer\">Answer 1 <div class=\"badge badge-pill key-answer\">A</div></button></div><div class=\"solution-tools locate-highlight-tool\"><a class=\"btn btn-xs btn-outline-warning btn-locate-highlight\" data-qnumber=\"60\" onclick=\"scrollToHighlight(1)\"><i class=\"fa fa-map-marker\" aria-hidden=\"true\"></i>&nbsp;Locate</a></div><div class=\"solution-tools locate-keyword-tool\"><a class=\"btn btn-xs btn-outline-info btn-show-keywords\" data-qnumber=\"60\" data-toggle=\"collapse\" href=\"#keywordArea-60\" aria-expanded=\"false\" aria-controls=\"keywordArea-60\" onclick=\"showKeywords(60)\"><i class=\"fa fa-key\" aria-hidden=\"true\"></i>&nbsp;Keywords</a></div><div class=\"solution-tools locate-comment-tool\"><a class=\"btn btn-xs btn-outline-primary btn-show-comments\" data-qnumber=\"60\" data-toggle=\"collapse\" href=\"#commentArea-60\" aria-expanded=\"false\" aria-controls=\"commentArea-60\" onclick=\"showComments(60)\"><i class=\"fa fa-question\" aria-hidden=\"true\"></i>&nbsp;Comments</a></div><div class=\"collapse collage-keywords collapse-custom\" id=\"keywordArea-60\"> <div class=\"card card-header keywords-area-title\">KEYWORDS:</div><div class=\"card card-block keywords-area\"></div></div><div class=\"collapse collage-comments collapse-custom\" id=\"commentArea-60\"> <div class=\"card card-header comments-area-title\">QUESTION &amp; ANSWER:</div><div class=\"card card-block comments-area\"></div></div></div>\n', 1, 1, 0, 1, '2017-08-07 13:20:40', '2017-08-07 13:20:40'),
(24, 24, '<p><span class=\"label-input key-label\"><strong>1</strong></span> <input class=\"question-quiz question-input question-1 last-option\" data-qnumber=\"61\" name=\"question-1\" onclick=\"bitest(this)\" type=\"text\" />Content Post is here!</p>\n', '<p><span class=\"label-input key-label\"><strong>1</strong></span> <input class=\"question-quiz question-input question-1 last-option\" data-qnumber=\"61\" name=\"question-1\" onclick=\"bitest(this)\" type=\"text\" disabled=\"disabled\">Content Post is here!</p><div class=\"explain-area explain-1 explain-area-61\" data-qnumber=\"61\"><div class=\"show-answer\"><button type=\"button\" class=\"btn btn-danger btn-show-answer\">Answer 1 <div class=\"badge badge-pill key-answer\">A</div></button></div><div class=\"solution-tools locate-highlight-tool\"><a class=\"btn btn-xs btn-outline-warning btn-locate-highlight\" data-qnumber=\"61\" onclick=\"scrollToHighlight(1)\"><i class=\"fa fa-map-marker\" aria-hidden=\"true\"></i>&nbsp;Locate</a></div><div class=\"solution-tools locate-keyword-tool\"><a class=\"btn btn-xs btn-outline-info btn-show-keywords\" data-qnumber=\"61\" data-toggle=\"collapse\" href=\"#keywordArea-61\" aria-expanded=\"false\" aria-controls=\"keywordArea-61\" onclick=\"showKeywords(61)\"><i class=\"fa fa-key\" aria-hidden=\"true\"></i>&nbsp;Keywords</a></div><div class=\"solution-tools locate-comment-tool\"><a class=\"btn btn-xs btn-outline-primary btn-show-comments\" data-qnumber=\"61\" data-toggle=\"collapse\" href=\"#commentArea-61\" aria-expanded=\"false\" aria-controls=\"commentArea-61\" onclick=\"showComments(61)\"><i class=\"fa fa-question\" aria-hidden=\"true\"></i>&nbsp;Comments</a></div><div class=\"collapse collage-keywords collapse-custom\" id=\"keywordArea-61\"> <div class=\"card card-header keywords-area-title\">KEYWORDS:</div><div class=\"card card-block keywords-area\"></div></div><div class=\"collapse collage-comments collapse-custom\" id=\"commentArea-61\"> <div class=\"card card-header comments-area-title\">QUESTION &amp; ANSWER:</div><div class=\"card card-block comments-area\"></div></div></div>\n', 1, 1, 0, 1, '2017-08-07 13:22:23', '2017-08-07 13:22:23');

-- --------------------------------------------------------

--
-- Cấu trúc bảng cho bảng `reading_results`
--

CREATE TABLE `reading_results` (
  `id` int(10) UNSIGNED NOT NULL,
  `user_id` int(10) UNSIGNED NOT NULL,
  `quiz_id` int(10) UNSIGNED NOT NULL,
  `correct_answer` int(11) NOT NULL,
  `list_answered` varchar(191) COLLATE utf8mb4_unicode_ci DEFAULT NULL,
  `created_at` timestamp NULL DEFAULT NULL,
  `updated_at` timestamp NULL DEFAULT NULL
) ENGINE=InnoDB DEFAULT CHARSET=utf8mb4 COLLATE=utf8mb4_unicode_ci;

-- --------------------------------------------------------

--
-- Cấu trúc bảng cho bảng `reading_type_questions`
--

CREATE TABLE `reading_type_questions` (
  `id` int(10) UNSIGNED NOT NULL,
  `name` varchar(191) COLLATE utf8mb4_unicode_ci NOT NULL,
  `introduction` text COLLATE utf8mb4_unicode_ci,
  `status` tinyint(1) NOT NULL DEFAULT '1',
  `created_at` timestamp NULL DEFAULT NULL,
  `updated_at` timestamp NULL DEFAULT NULL
) ENGINE=InnoDB DEFAULT CHARSET=utf8mb4 COLLATE=utf8mb4_unicode_ci;

--
-- Đang đổ dữ liệu cho bảng `reading_type_questions`
--

INSERT INTO `reading_type_questions` (`id`, `name`, `introduction`, `status`, `created_at`, `updated_at`) VALUES
(1, 'Matching Headings', 'introduction', 1, NULL, NULL),
(2, 'Matching Information', 'introduction', 1, NULL, NULL),
(3, 'Multiple Choice', 'introduction', 1, NULL, NULL),
(4, 'Plan, map, diagram labelling', 'introduction', 1, NULL, NULL),
(5, 'Sentence Completion', 'introduction', 1, NULL, NULL),
(6, 'Summary, form completion', 'introduction', 1, NULL, NULL),
(7, 'TRUE-FALSE-NOT GIVEN', 'introduction', 1, NULL, NULL),
(8, 'YES-NO-NOT GIVEN', 'introduction', 1, NULL, NULL);

-- --------------------------------------------------------

--
-- Cấu trúc bảng cho bảng `reading_type_question_of_quizzes`
--

CREATE TABLE `reading_type_question_of_quizzes` (
  `id` int(10) UNSIGNED NOT NULL,
  `quiz_id` int(10) UNSIGNED NOT NULL,
  `type_question_id` int(10) UNSIGNED NOT NULL,
  `total_questions` int(11) NOT NULL,
  `status` tinyint(1) NOT NULL DEFAULT '1',
  `created_at` timestamp NULL DEFAULT NULL,
  `updated_at` timestamp NULL DEFAULT NULL
) ENGINE=InnoDB DEFAULT CHARSET=utf8mb4 COLLATE=utf8mb4_unicode_ci;

--
-- Đang đổ dữ liệu cho bảng `reading_type_question_of_quizzes`
--

INSERT INTO `reading_type_question_of_quizzes` (`id`, `quiz_id`, `type_question_id`, `total_questions`, `status`, `created_at`, `updated_at`) VALUES
(1, 10, 1, 1, 1, '2017-07-24 03:34:16', '2017-07-24 03:34:16'),
(2, 10, 4, 1, 1, '2017-07-24 03:34:16', '2017-07-24 03:34:16'),
(3, 11, 1, 1, 1, '2017-07-24 03:35:25', '2017-07-24 03:35:25'),
(4, 11, 2, 3, 1, '2017-07-24 03:35:25', '2017-07-24 03:35:25'),
(5, 11, 3, 2, 1, '2017-07-24 03:35:25', '2017-07-24 03:35:25'),
(6, 12, 1, 2, 1, '2017-07-24 03:38:17', '2017-07-24 03:38:17'),
(7, 12, 2, 3, 1, '2017-07-24 03:38:17', '2017-07-24 03:38:17'),
(8, 12, 3, 1, 1, '2017-07-24 03:38:17', '2017-07-24 03:38:17'),
(14, 14, 1, 3, 1, '2017-07-24 04:15:08', '2017-07-24 04:15:08'),
(15, 15, 1, 1, 1, '2017-07-28 04:21:14', '2017-07-28 04:21:14'),
(16, 15, 2, 2, 1, '2017-07-28 04:21:14', '2017-07-28 04:21:14'),
(17, 15, 4, 1, 1, '2017-07-28 04:21:14', '2017-07-28 04:21:14'),
(18, 15, 5, 1, 1, '2017-07-28 04:21:14', '2017-07-28 04:21:14'),
(20, 17, 1, 3, 1, '2017-07-28 04:32:13', '2017-07-28 04:32:13'),
(21, 18, 4, 3, 1, '2017-07-28 05:17:46', '2017-07-28 05:17:46'),
(22, 19, 3, 1, 1, '2017-08-07 07:02:53', '2017-08-07 07:02:53'),
(23, 19, 6, 3, 1, '2017-08-07 07:02:53', '2017-08-07 07:02:53'),
(24, 19, 1, 1, 1, '2017-08-07 07:02:53', '2017-08-07 07:02:53'),
(25, 19, 7, 1, 1, '2017-08-07 07:02:53', '2017-08-07 07:02:53'),
(26, 19, 8, 1, 1, '2017-08-07 07:02:53', '2017-08-07 07:02:53'),
(27, 19, 5, 1, 1, '2017-08-07 07:02:53', '2017-08-07 07:02:53'),
(28, 20, 3, 1, 1, '2017-08-07 07:07:44', '2017-08-07 07:07:44'),
(29, 20, 1, 1, 1, '2017-08-07 07:07:44', '2017-08-07 07:07:44'),
(30, 20, 6, 1, 1, '2017-08-07 07:07:44', '2017-08-07 07:07:44'),
(31, 20, 5, 2, 1, '2017-08-07 07:07:44', '2017-08-07 07:07:44'),
(32, 20, 7, 2, 1, '2017-08-07 07:07:44', '2017-08-07 07:07:44'),
(33, 20, 2, 1, 1, '2017-08-07 07:07:44', '2017-08-07 07:07:44'),
(34, 21, 3, 1, 1, '2017-08-07 09:31:01', '2017-08-07 09:31:01'),
(35, 22, 3, 1, 1, '2017-08-07 09:31:46', '2017-08-07 09:31:46'),
(36, 23, 3, 1, 1, '2017-08-07 13:20:40', '2017-08-07 13:20:40'),
(37, 24, 3, 1, 1, '2017-08-07 13:22:23', '2017-08-07 13:22:23');

-- --------------------------------------------------------

--
-- Cấu trúc bảng cho bảng `users`
--

CREATE TABLE `users` (
  `id` int(10) UNSIGNED NOT NULL,
  `username` varchar(60) COLLATE utf8mb4_unicode_ci NOT NULL,
  `email` varchar(191) COLLATE utf8mb4_unicode_ci NOT NULL,
  `password` varchar(60) COLLATE utf8mb4_unicode_ci NOT NULL,
  `level` tinyint(4) NOT NULL DEFAULT '0',
  `fullname` varchar(191) COLLATE utf8mb4_unicode_ci DEFAULT NULL,
  `address` varchar(191) COLLATE utf8mb4_unicode_ci DEFAULT NULL,
  `city` varchar(100) COLLATE utf8mb4_unicode_ci DEFAULT NULL,
  `district` varchar(100) COLLATE utf8mb4_unicode_ci DEFAULT NULL,
  `phone` varchar(16) COLLATE utf8mb4_unicode_ci DEFAULT NULL,
  `dob` date DEFAULT NULL,
  `avatar` varchar(191) COLLATE utf8mb4_unicode_ci DEFAULT NULL,
  `activated` tinyint(4) NOT NULL DEFAULT '0',
  `status` tinyint(4) NOT NULL DEFAULT '1',
  `remember_token` varchar(100) COLLATE utf8mb4_unicode_ci DEFAULT NULL,
  `created_at` timestamp NULL DEFAULT NULL,
  `updated_at` timestamp NULL DEFAULT NULL
) ENGINE=InnoDB DEFAULT CHARSET=utf8mb4 COLLATE=utf8mb4_unicode_ci;

--
-- Đang đổ dữ liệu cho bảng `users`
--

INSERT INTO `users` (`id`, `username`, `email`, `password`, `level`, `fullname`, `address`, `city`, `district`, `phone`, `dob`, `avatar`, `activated`, `status`, `remember_token`, `created_at`, `updated_at`) VALUES
(2, 'test1', 'test1@gmail.com', '$2y$10$sKS/8W0nBF/BjFYbILz9Mefde/dYPyxUe52d/MbPEkihIKMZcfChi', 0, NULL, NULL, NULL, NULL, NULL, NULL, 'default.jpg', 0, 1, 'B4tbhUxPRIuFieBYhZqLV2GwlBYgpdVQUOrrkQRA', '2017-07-27 02:59:39', '2017-07-27 02:59:39'),
(9, '51000103', 'test2@gmail.com', '$2y$10$/uOEUhNjgVE1Nhu1Y9slluTMuHtXYtUSpvFeab2dFlT/evsyXszZe', 0, NULL, NULL, NULL, NULL, NULL, NULL, '51000103.jpg', 0, 1, 'B4tbhUxPRIuFieBYhZqLV2GwlBYgpdVQUOrrkQRA', '2017-07-27 03:24:02', '2017-07-27 03:24:02'),
(10, 'ljnkxjnk1412', 'test3@gmail.com', '$2y$10$hKHUNmcy7oraCMLm7Prrp.E2pTV863hbRzKhR0ZMzhtSB3hIpuTti', 0, NULL, NULL, NULL, NULL, NULL, NULL, 'ljnkxjnk1412.jpg', 0, 1, 'B4tbhUxPRIuFieBYhZqLV2GwlBYgpdVQUOrrkQRA', '2017-07-27 03:30:39', '2017-07-27 03:30:39'),
(11, 'kyobmt1412', 'test4@gmail.com', '$2y$10$r32bs9fyJk0BAS3fC31bt.Gm746FT2L0okAgVnaE9ZLAs7U0LuPIW', 1, NULL, NULL, NULL, NULL, NULL, NULL, 'kyobmt1412.jpg', 0, 1, 'B4tbhUxPRIuFieBYhZqLV2GwlBYgpdVQUOrrkQRA', '2017-07-27 03:30:53', '2017-07-27 03:30:53'),
(12, 'bipham', 'test7@gmail.com', '$2y$10$cKvjy1rcnSKw/S43iGSbc.5EFQ/8ND3WJqXE8uG0x68msWk3J.2fi', 1, NULL, NULL, NULL, NULL, NULL, NULL, 'default.jpg', 0, 1, 'vJpZvMvV8ACqrmCvrrm7WxkELKVa9FlXBTmL5Ewb', '2017-07-29 07:12:42', '2017-07-29 07:12:42');

-- --------------------------------------------------------

--
-- Cấu trúc bảng cho bảng `user_activations`
--

CREATE TABLE `user_activations` (
  `id` int(10) UNSIGNED NOT NULL,
  `user_id` int(10) UNSIGNED NOT NULL,
  `token` varchar(191) COLLATE utf8mb4_unicode_ci NOT NULL,
  `created_at` timestamp NULL DEFAULT NULL,
  `updated_at` timestamp NULL DEFAULT NULL
) ENGINE=InnoDB DEFAULT CHARSET=utf8mb4 COLLATE=utf8mb4_unicode_ci;

--
-- Chỉ mục cho các bảng đã đổ
--

--
-- Chỉ mục cho bảng `migrations`
--
ALTER TABLE `migrations`
  ADD PRIMARY KEY (`id`);

--
-- Chỉ mục cho bảng `password_resets`
--
ALTER TABLE `password_resets`
  ADD KEY `password_resets_email_index` (`email`);

--
-- Chỉ mục cho bảng `reading_categories`
--
ALTER TABLE `reading_categories`
  ADD PRIMARY KEY (`id`),
  ADD UNIQUE KEY `reading_categories_name_unique` (`name`);

--
-- Chỉ mục cho bảng `reading_category_lessons`
--
ALTER TABLE `reading_category_lessons`
  ADD PRIMARY KEY (`id`);

--
-- Chỉ mục cho bảng `reading_comment_notifications`
--
ALTER TABLE `reading_comment_notifications`
  ADD PRIMARY KEY (`id`),
  ADD KEY `reading_comment_notifications_question_id_foreign` (`question_id`),
  ADD KEY `reading_comment_notifications_user_id_foreign` (`user_id`);

--
-- Chỉ mục cho bảng `reading_lessons`
--
ALTER TABLE `reading_lessons`
  ADD PRIMARY KEY (`id`);

--
-- Chỉ mục cho bảng `reading_manager_lessons`
--
ALTER TABLE `reading_manager_lessons`
  ADD PRIMARY KEY (`id`),
  ADD KEY `reading_manager_lessons_user_id_foreign` (`user_id`),
  ADD KEY `reading_manager_lessons_lesson_id_foreign` (`lesson_id`);

--
-- Chỉ mục cho bảng `reading_questions`
--
ALTER TABLE `reading_questions`
  ADD PRIMARY KEY (`id`),
  ADD KEY `reading_questions_quiz_id_foreign` (`quiz_id`),
  ADD KEY `reading_questions_type_question_id_foreign` (`type_question_id`);

--
-- Chỉ mục cho bảng `reading_question_and_answers`
--
ALTER TABLE `reading_question_and_answers`
  ADD PRIMARY KEY (`id`),
  ADD KEY `reading_question_and_answers_question_id_foreign` (`question_id`),
  ADD KEY `reading_question_and_answers_user_id_foreign` (`user_id`);

--
-- Chỉ mục cho bảng `reading_quizzs`
--
ALTER TABLE `reading_quizzs`
  ADD PRIMARY KEY (`id`),
  ADD KEY `reading_quizzs_lesson_id_foreign` (`lesson_id`);

--
-- Chỉ mục cho bảng `reading_results`
--
ALTER TABLE `reading_results`
  ADD PRIMARY KEY (`id`),
  ADD KEY `reading_results_user_id_foreign` (`user_id`),
  ADD KEY `reading_results_quiz_id_foreign` (`quiz_id`);

--
-- Chỉ mục cho bảng `reading_type_questions`
--
ALTER TABLE `reading_type_questions`
  ADD PRIMARY KEY (`id`),
  ADD UNIQUE KEY `reading_type_questions_name_unique` (`name`);

--
-- Chỉ mục cho bảng `reading_type_question_of_quizzes`
--
ALTER TABLE `reading_type_question_of_quizzes`
  ADD PRIMARY KEY (`id`),
  ADD KEY `reading_type_question_of_quizzes_quiz_id_foreign` (`quiz_id`),
  ADD KEY `reading_type_question_of_quizzes_type_question_id_foreign` (`type_question_id`);

--
-- Chỉ mục cho bảng `users`
--
ALTER TABLE `users`
  ADD PRIMARY KEY (`id`),
  ADD UNIQUE KEY `users_username_unique` (`username`),
  ADD UNIQUE KEY `users_email_unique` (`email`);

--
-- Chỉ mục cho bảng `user_activations`
--
ALTER TABLE `user_activations`
  ADD PRIMARY KEY (`id`),
  ADD KEY `user_activations_token_index` (`token`);

--
-- AUTO_INCREMENT cho các bảng đã đổ
--

--
-- AUTO_INCREMENT cho bảng `migrations`
--
ALTER TABLE `migrations`
  MODIFY `id` int(10) UNSIGNED NOT NULL AUTO_INCREMENT, AUTO_INCREMENT=20;
--
-- AUTO_INCREMENT cho bảng `reading_categories`
--
ALTER TABLE `reading_categories`
  MODIFY `id` int(10) UNSIGNED NOT NULL AUTO_INCREMENT, AUTO_INCREMENT=4;
--
-- AUTO_INCREMENT cho bảng `reading_category_lessons`
--
ALTER TABLE `reading_category_lessons`
  MODIFY `id` int(10) UNSIGNED NOT NULL AUTO_INCREMENT, AUTO_INCREMENT=27;
--
-- AUTO_INCREMENT cho bảng `reading_comment_notifications`
--
ALTER TABLE `reading_comment_notifications`
  MODIFY `id` int(10) UNSIGNED NOT NULL AUTO_INCREMENT, AUTO_INCREMENT=10;
--
-- AUTO_INCREMENT cho bảng `reading_lessons`
--
ALTER TABLE `reading_lessons`
  MODIFY `id` int(10) UNSIGNED NOT NULL AUTO_INCREMENT, AUTO_INCREMENT=25;
--
-- AUTO_INCREMENT cho bảng `reading_manager_lessons`
--
ALTER TABLE `reading_manager_lessons`
  MODIFY `id` int(10) UNSIGNED NOT NULL AUTO_INCREMENT;
--
-- AUTO_INCREMENT cho bảng `reading_questions`
--
ALTER TABLE `reading_questions`
  MODIFY `id` int(10) UNSIGNED NOT NULL AUTO_INCREMENT, AUTO_INCREMENT=66;
--
-- AUTO_INCREMENT cho bảng `reading_question_and_answers`
--
ALTER TABLE `reading_question_and_answers`
  MODIFY `id` int(10) UNSIGNED NOT NULL AUTO_INCREMENT, AUTO_INCREMENT=76;
--
-- AUTO_INCREMENT cho bảng `reading_quizzs`
--
ALTER TABLE `reading_quizzs`
  MODIFY `id` int(10) UNSIGNED NOT NULL AUTO_INCREMENT, AUTO_INCREMENT=25;
--
-- AUTO_INCREMENT cho bảng `reading_results`
--
ALTER TABLE `reading_results`
  MODIFY `id` int(10) UNSIGNED NOT NULL AUTO_INCREMENT;
--
-- AUTO_INCREMENT cho bảng `reading_type_questions`
--
ALTER TABLE `reading_type_questions`
  MODIFY `id` int(10) UNSIGNED NOT NULL AUTO_INCREMENT, AUTO_INCREMENT=9;
--
-- AUTO_INCREMENT cho bảng `reading_type_question_of_quizzes`
--
ALTER TABLE `reading_type_question_of_quizzes`
  MODIFY `id` int(10) UNSIGNED NOT NULL AUTO_INCREMENT, AUTO_INCREMENT=38;
--
-- AUTO_INCREMENT cho bảng `users`
--
ALTER TABLE `users`
  MODIFY `id` int(10) UNSIGNED NOT NULL AUTO_INCREMENT, AUTO_INCREMENT=13;
--
-- AUTO_INCREMENT cho bảng `user_activations`
--
ALTER TABLE `user_activations`
  MODIFY `id` int(10) UNSIGNED NOT NULL AUTO_INCREMENT;
--
-- Các ràng buộc cho các bảng đã đổ
--

--
-- Các ràng buộc cho bảng `reading_comment_notifications`
--
ALTER TABLE `reading_comment_notifications`
  ADD CONSTRAINT `reading_comment_notifications_question_id_foreign` FOREIGN KEY (`question_id`) REFERENCES `reading_questions` (`id`) ON DELETE CASCADE,
  ADD CONSTRAINT `reading_comment_notifications_user_id_foreign` FOREIGN KEY (`user_id`) REFERENCES `users` (`id`) ON DELETE CASCADE;

--
-- Các ràng buộc cho bảng `reading_manager_lessons`
--
ALTER TABLE `reading_manager_lessons`
  ADD CONSTRAINT `reading_manager_lessons_lesson_id_foreign` FOREIGN KEY (`lesson_id`) REFERENCES `reading_lessons` (`id`) ON DELETE CASCADE,
  ADD CONSTRAINT `reading_manager_lessons_user_id_foreign` FOREIGN KEY (`user_id`) REFERENCES `users` (`id`) ON DELETE CASCADE;

--
-- Các ràng buộc cho bảng `reading_questions`
--
ALTER TABLE `reading_questions`
  ADD CONSTRAINT `reading_questions_quiz_id_foreign` FOREIGN KEY (`quiz_id`) REFERENCES `reading_quizzs` (`id`) ON DELETE CASCADE,
  ADD CONSTRAINT `reading_questions_type_question_id_foreign` FOREIGN KEY (`type_question_id`) REFERENCES `reading_type_questions` (`id`) ON DELETE CASCADE;

--
-- Các ràng buộc cho bảng `reading_question_and_answers`
--
ALTER TABLE `reading_question_and_answers`
  ADD CONSTRAINT `reading_question_and_answers_question_id_foreign` FOREIGN KEY (`question_id`) REFERENCES `reading_questions` (`id`) ON DELETE CASCADE,
  ADD CONSTRAINT `reading_question_and_answers_user_id_foreign` FOREIGN KEY (`user_id`) REFERENCES `users` (`id`) ON DELETE CASCADE;

--
-- Các ràng buộc cho bảng `reading_quizzs`
--
ALTER TABLE `reading_quizzs`
  ADD CONSTRAINT `reading_quizzs_lesson_id_foreign` FOREIGN KEY (`lesson_id`) REFERENCES `reading_lessons` (`id`) ON DELETE CASCADE;

--
-- Các ràng buộc cho bảng `reading_results`
--
ALTER TABLE `reading_results`
  ADD CONSTRAINT `reading_results_quiz_id_foreign` FOREIGN KEY (`quiz_id`) REFERENCES `reading_quizzs` (`id`) ON DELETE CASCADE,
  ADD CONSTRAINT `reading_results_user_id_foreign` FOREIGN KEY (`user_id`) REFERENCES `users` (`id`) ON DELETE CASCADE;

--
-- Các ràng buộc cho bảng `reading_type_question_of_quizzes`
--
ALTER TABLE `reading_type_question_of_quizzes`
  ADD CONSTRAINT `reading_type_question_of_quizzes_quiz_id_foreign` FOREIGN KEY (`quiz_id`) REFERENCES `reading_quizzs` (`id`) ON DELETE CASCADE,
  ADD CONSTRAINT `reading_type_question_of_quizzes_type_question_id_foreign` FOREIGN KEY (`type_question_id`) REFERENCES `reading_type_questions` (`id`) ON DELETE CASCADE;

/*!40101 SET CHARACTER_SET_CLIENT=@OLD_CHARACTER_SET_CLIENT */;
/*!40101 SET CHARACTER_SET_RESULTS=@OLD_CHARACTER_SET_RESULTS */;
/*!40101 SET COLLATION_CONNECTION=@OLD_COLLATION_CONNECTION */;
